laptop_ID,Company,Product,TypeName,Inches,Ram,OpSys,Weight,Price_euros,is_Full HD,is_IPS Panel,is_Retina Display,is_Touchscreen,is_Quad HD+,is_4K Ultra HD,ScreenSize,ssd_gb,hdd_gb,flash_gb,hybrid_gb,Cpu_Company,Cpu_Frequency_GHz,Cpu_Type,Gpu_Company,is_Intel_Gpu,Gpu_Type
1,Apple,MacBook Pro,Ultrabook,13.3,8.0,macOS,1.37,7.200939685789514,0,1,1,0,0,0,4096000,128,0,0,0,Intel,2.3,Intel i5,Intel,1,Intel Graphics
2,Apple,Macbook Air,Ultrabook,13.3,8.0,macOS,1.34,6.802328094435323,0,0,0,0,0,0,1296000,0,0,128,0,Intel,1.8,Intel i5,Intel,1,Intel Graphics
3,HP,250 G6,Notebook,15.6,8.0,No OS,1.86,6.3561076606958915,1,0,0,0,0,0,2073600,256,0,0,0,Intel,2.5,Intel i5,Intel,1,Intel Graphics
4,Apple,MacBook Pro,Ultrabook,15.4,16.0,macOS,1.83,7.839308937522205,0,1,1,0,0,0,5184000,512,0,0,0,Intel,2.7,Intel i7,AMD,0,AMD Radeon
5,Apple,MacBook Pro,Ultrabook,13.3,8.0,macOS,1.37,7.4980942395604,0,1,1,0,0,0,4096000,256,0,0,0,Intel,3.1,Intel i5,Intel,1,Intel Graphics
6,Acer,Aspire 3,Notebook,15.6,4.0,Windows 10,2.1,5.993961427306569,0,0,0,0,0,0,1049088,0,500,0,0,AMD,3.0,AMD A-Series,AMD,0,AMD Radeon
7,Apple,MacBook Pro,Ultrabook,15.4,16.0,Mac OS X,2.04,7.669014276347654,0,1,1,0,0,0,5184000,0,0,256,0,Intel,2.2,Intel i7,Intel,1,Intel Graphics
8,Apple,Macbook Air,Ultrabook,13.3,8.0,macOS,1.34,7.055916629962658,0,0,0,0,0,0,1296000,0,0,256,0,Intel,1.8,Intel i5,Intel,1,Intel Graphics
9,Asus,ZenBook UX430UN,Ultrabook,14.0,16.0,Windows 10,1.3,7.310550158534422,1,0,0,0,0,0,2073600,512,0,0,0,Intel,1.8,Intel i7,Nvidia,0,Nvidia GeForce
10,Acer,Swift 3,Ultrabook,14.0,8.0,Windows 10,1.6,6.647688373563329,1,1,0,0,0,0,2073600,256,0,0,0,Intel,1.6,Intel i5,Intel,1,Intel Graphics
11,HP,250 G6,Notebook,15.6,4.0,No OS,1.86,5.978632568292603,0,0,0,0,0,0,1049088,0,500,0,0,Intel,2.5,Intel i5,Intel,1,Intel Graphics
12,HP,250 G6,Notebook,15.6,4.0,No OS,1.86,5.846409872905957,1,0,0,0,0,0,2073600,0,500,0,0,Intel,2.0,Intel i3,Intel,1,Intel Graphics
13,Apple,MacBook Pro,Ultrabook,15.4,16.0,macOS,1.83,7.800150780272373,0,1,1,0,0,0,5184000,256,0,0,0,Intel,2.8,Intel i7,AMD,0,AMD Radeon
14,Dell,Inspiron 3567,Notebook,15.6,4.0,Windows 10,2.2,6.214408078419525,1,0,0,0,0,0,2073600,256,0,0,0,Intel,2.0,Intel i3,AMD,0,AMD Radeon
15,Apple,"MacBook 12""",Ultrabook,12.0,8.0,macOS,0.92,7.1415617784646,0,1,1,0,0,0,3317760,256,0,0,0,Intel,1.2,Intel Other,Intel,1,Intel Graphics
16,Apple,MacBook Pro,Ultrabook,13.3,8.0,macOS,1.37,7.326169517376512,0,1,1,0,0,0,4096000,256,0,0,0,Intel,2.3,Intel i5,Intel,1,Intel Graphics
17,Dell,Inspiron 3567,Notebook,15.6,8.0,Windows 10,2.2,6.61472560020376,1,0,0,0,0,0,2073600,256,0,0,0,Intel,2.7,Intel i7,AMD,0,AMD Radeon
18,Apple,MacBook Pro,Ultrabook,15.4,16.0,macOS,1.83,7.958227192322312,0,1,1,0,0,0,5184000,512,0,0,0,Intel,2.9,Intel i7,AMD,0,AMD Radeon
19,Lenovo,IdeaPad 320-15IKB,Notebook,15.6,8.0,No OS,2.2,6.214608098422191,1,0,0,0,0,0,2073600,0,1024,0,0,Intel,2.4,Intel i3,Nvidia,0,Nvidia GeForce
20,Dell,XPS 13,Ultrabook,13.3,8.0,Windows 10,1.22,6.887552571664617,1,1,0,1,0,0,2073600,128,0,0,0,Intel,1.6,Intel i5,Intel,1,Intel Graphics
21,Asus,Vivobook E200HA,Netbook,11.6,2.0,Windows 10,0.98,5.262171919911683,0,0,0,0,0,0,1049088,0,0,32,0,Intel,1.44,Intel Other,Intel,1,Intel Graphics
22,Lenovo,Legion Y520-15IKBN,Gaming,15.6,8.0,Windows 10,2.5,6.907755278982137,1,1,0,0,0,0,2073600,128,1024,0,0,Intel,2.5,Intel i5,Nvidia,0,Nvidia GeForce
23,HP,255 G6,Notebook,15.6,4.0,No OS,1.86,5.556828061699537,0,0,0,0,0,0,1049088,0,500,0,0,AMD,1.5,AMD Other,AMD,0,AMD Radeon
24,Dell,Inspiron 5379,2 in 1 Convertible,13.3,8.0,Windows 10,1.62,6.709304340258298,1,0,0,1,0,0,2073600,256,0,0,0,Intel,1.6,Intel i5,Intel,1,Intel Graphics
25,HP,15-BS101nv (i7-8550U/8GB/256GB/FHD/W10),Ultrabook,15.6,8.0,Windows 10,1.91,6.492239835020471,1,0,0,0,0,0,2073600,256,0,0,0,Intel,1.8,Intel i7,Intel,1,Intel Graphics
26,Dell,Inspiron 3567,Notebook,15.6,4.0,Windows 10,2.3,6.039397200863284,0,0,0,0,0,0,1049088,0,1024,0,0,Intel,2.0,Intel i3,Intel,1,Intel Graphics
27,Apple,MacBook Air,Ultrabook,13.3,8.0,Mac OS X,1.35,7.003065458786462,0,0,0,0,0,0,1296000,0,0,128,0,Intel,1.6,Intel i5,Intel,1,Intel Graphics
28,Dell,Inspiron 5570,Notebook,15.6,8.0,Windows 10,2.2,6.68586094706836,1,0,0,0,0,0,2073600,256,0,0,0,Intel,1.6,Intel i5,AMD,0,AMD Radeon
29,Dell,Latitude 5590,Ultrabook,15.6,8.0,Windows 10,1.88,7.1693500166706,1,0,0,0,0,0,2073600,512,0,0,0,Intel,1.9,Intel i7,Intel,1,Intel Graphics
30,HP,ProBook 470,Notebook,17.3,8.0,Windows 10,2.5,6.799055862058796,1,0,0,0,0,0,2073600,0,1024,0,0,Intel,1.6,Intel i5,Nvidia,0,Nvidia GeForce
31,Chuwi,"LapBook 15.6""",Notebook,15.6,4.0,Windows 10,1.89,5.505290884699608,1,0,0,0,0,0,2073600,0,0,64,0,Intel,1.44,Intel Other,Intel,1,Intel Graphics
32,Asus,E402WA-GA010T (E2-6110/2GB/32GB/W10),Notebook,14.0,2.0,Windows 10,1.65,5.298317366548036,0,0,0,0,0,0,1049088,0,0,32,0,AMD,1.5,AMD Other,AMD,0,AMD Radeon
33,HP,17-ak001nv (A6-9220/4GB/500GB/Radeon,Notebook,17.3,4.0,Windows 10,2.71,6.0867747269123065,1,0,0,0,0,0,2073600,0,500,0,0,AMD,2.5,AMD A-Series,AMD,0,AMD Radeon
34,Dell,XPS 13,Ultrabook,13.3,16.0,Windows 10,1.2,7.533693709848633,0,0,0,1,1,0,5760000,512,0,0,0,Intel,1.8,Intel i7,Intel,1,Intel Graphics
35,Apple,MacBook Air,Ultrabook,13.3,8.0,Mac OS X,1.35,6.906754778648554,0,0,0,0,0,0,1296000,0,0,256,0,Intel,1.6,Intel i5,Intel,1,Intel Graphics
36,Lenovo,IdeaPad 120S-14IAP,Notebook,14.0,4.0,Windows 10,1.44,5.521460917862246,0,0,0,0,0,0,1049088,0,0,64,0,Intel,1.1,Intel Celeron,Intel,1,Intel Graphics
37,Acer,Aspire 3,Notebook,15.6,4.0,Linux,2.1,5.908082938168931,0,0,0,0,0,0,1049088,0,1024,0,0,Intel,2.7,Intel i3,Intel,1,Intel Graphics
38,Dell,Inspiron 5770,Notebook,17.3,8.0,Windows 10,2.8,6.887552571664617,1,1,0,0,0,0,2073600,128,1024,0,0,Intel,1.6,Intel i5,AMD,0,AMD Radeon
39,HP,250 G6,Notebook,15.6,4.0,Windows 10,1.86,6.193772537834054,0,0,0,0,0,0,1049088,0,1024,0,0,Intel,2.5,Intel i5,Intel,1,Intel Graphics
40,HP,ProBook 450,Notebook,15.6,8.0,Windows 10,2.1,6.779921907472252,1,0,0,0,0,0,2073600,256,0,0,0,Intel,1.6,Intel i5,Nvidia,0,Nvidia GeForce
41,Asus,X540UA-DM186 (i3-6006U/4GB/1TB/FHD/Linux),Notebook,15.6,4.0,Linux,2.0,5.966146739123692,1,0,0,0,0,0,2073600,0,1024,0,0,Intel,2.0,Intel i3,Intel,1,Intel Graphics
42,Dell,Inspiron 7577,Gaming,15.6,16.0,Windows 10,2.65,7.313220387090301,1,1,0,0,0,0,2073600,256,1024,0,0,Intel,2.8,Intel i7,Nvidia,0,Nvidia GeForce
43,Asus,X542UQ-GO005 (i5-7200U/8GB/1TB/GeForce,Notebook,15.6,8.0,Linux,2.3,6.261472600169475,0,0,0,0,0,0,1049088,0,1024,0,0,Intel,2.5,Intel i5,Nvidia,0,Nvidia GeForce
44,Acer,Aspire A515-51G,Notebook,15.6,4.0,Windows 10,2.2,6.52649485957079,1,1,0,0,0,0,2073600,256,0,0,0,Intel,1.6,Intel i5,Intel,1,Intel Graphics
45,Dell,Inspiron 7773,2 in 1 Convertible,17.3,12.0,Windows 10,2.77,6.907755278982137,1,0,0,1,0,0,2073600,0,1024,0,0,Intel,1.6,Intel i5,Nvidia,0,Nvidia GeForce
46,Apple,MacBook Pro,Ultrabook,13.3,8.0,macOS,1.37,7.258412150595307,0,1,1,0,0,0,4096000,256,0,0,0,Intel,2.0,Intel i5,Intel,1,Intel Graphics
47,Lenovo,IdeaPad 320-15ISK,Notebook,15.6,4.0,No OS,2.2,5.91350300563827,0,0,0,0,0,0,1049088,128,0,0,0,Intel,2.0,Intel i3,Intel,1,Intel Graphics
48,Asus,Rog Strix,Gaming,17.3,8.0,Windows 10,3.2,7.170119543449628,1,0,0,0,0,0,2073600,256,1024,0,0,AMD,3.0,AMD Ryzen,AMD,0,AMD Radeon
49,Dell,Inspiron 3567,Notebook,15.6,4.0,Windows 10,2.3,6.461468176353717,1,0,0,0,0,0,2073600,256,0,0,0,Intel,2.5,Intel i5,AMD,0,AMD Radeon
50,Asus,X751NV-TY001T (N4200/4GB/1TB/GeForce,Notebook,17.3,4.0,Windows 10,2.8,6.1463292576688975,0,0,0,0,0,0,1049088,0,1024,0,0,Intel,1.1,Intel Pentium,Nvidia,0,Nvidia GeForce
51,Lenovo,Yoga Book,2 in 1 Convertible,10.1,4.0,Android,0.69,5.768320995793772,0,1,0,1,0,0,2304000,0,0,64,0,Intel,1.44,Intel Other,Intel,1,Intel Graphics
52,Acer,Aspire A515-51G,Notebook,15.6,8.0,Windows 10,2.2,6.7357800142423265,1,1,0,0,0,0,2073600,256,0,0,0,Intel,1.8,Intel i7,Nvidia,0,Nvidia GeForce
53,HP,255 G6,Notebook,15.6,4.0,Windows 10,1.86,5.99018873360393,1,0,0,0,0,0,2073600,256,0,0,0,AMD,2.5,AMD A-Series,AMD,0,AMD Radeon
54,HP,ProBook 430,Notebook,13.3,8.0,Windows 10,1.49,7.00669522683704,1,0,0,0,0,0,2073600,512,0,0,0,Intel,1.8,Intel i7,Intel,1,Intel Graphics
55,Acer,Aspire 3,Notebook,15.6,4.0,Windows 10,2.4,5.953243334287785,0,0,0,0,0,0,1049088,0,1024,0,0,Intel,2.4,Intel i3,Intel,1,Intel Graphics
56,Dell,Inspiron 3576,Notebook,15.6,8.0,Windows 10,2.13,6.644830857656083,1,0,0,0,0,0,2073600,256,0,0,0,Intel,1.8,Intel i7,AMD,0,AMD Radeon
57,HP,15-bs002nv (i3-6006U/4GB/128GB/FHD/W10),Notebook,15.6,4.0,Windows 10,1.91,6.0867747269123065,1,0,0,0,0,0,2073600,128,0,0,0,Intel,2.0,Intel i3,Intel,1,Intel Graphics
58,Asus,VivoBook Max,Notebook,15.6,4.0,Windows 10,2.0,6.375348447182542,0,0,0,0,0,0,1049088,256,0,0,0,Intel,2.5,Intel i5,Intel,1,Intel Graphics
59,MSI,GS73VR 7RG,Gaming,17.3,16.0,Windows 10,2.43,7.803843303538772,1,0,0,0,0,0,2073600,256,2048,0,0,Intel,2.8,Intel i7,Nvidia,0,Nvidia GeForce
60,Asus,X541UA-DM1897 (i3-6006U/4GB/256GB/FHD/Linux),Notebook,15.6,4.0,Linux,2.0,6.030685260261263,1,0,0,0,0,0,2073600,256,0,0,0,Intel,2.0,Intel i3,Intel,1,Intel Graphics
61,Dell,Inspiron 5770,Notebook,17.3,16.0,Windows 10,2.8,7.170119543449628,1,0,0,0,0,0,2073600,256,2048,0,0,Intel,1.8,Intel i7,AMD,0,AMD Radeon
62,Dell,Vostro 5471,Ultrabook,14.0,8.0,Windows 10,1.7,6.779921907472252,1,0,0,0,0,0,2073600,256,0,0,0,Intel,1.6,Intel i5,Intel,1,Intel Graphics
63,Lenovo,IdeaPad 520S-14IKB,Notebook,14.0,8.0,No OS,1.7,6.396929655216146,1,1,0,0,0,0,2073600,256,0,0,0,Intel,2.7,Intel i3,Intel,1,Intel Graphics
64,Asus,UX410UA-GV350T (i5-8250U/8GB/256GB/FHD/W10),Notebook,14.0,8.0,Windows 10,1.4,6.848005274576363,1,0,0,0,0,0,2073600,256,0,0,0,Intel,1.6,Intel i5,Intel,1,Intel Graphics
66,HP,250 G6,Notebook,15.6,8.0,Windows 10,1.86,6.53813982376767,1,0,0,0,0,0,2073600,256,0,0,0,Intel,2.5,Intel i5,Intel,1,Intel Graphics
67,Asus,ZenBook Pro,Ultrabook,15.6,16.0,Windows 10,1.8,7.592870287844818,1,0,0,0,0,0,2073600,512,0,0,0,Intel,2.8,Intel i7,Nvidia,0,Nvidia GeForce
68,HP,250 G6,Notebook,15.6,4.0,Windows 10,1.86,6.086069933148976,0,0,0,0,0,0,1049088,0,500,0,0,Intel,2.0,Intel i3,AMD,0,AMD Radeon
69,HP,Stream 14-AX040wm,Notebook,14.0,4.0,Windows 10,1.44,5.438079308923196,0,0,0,0,0,0,1049088,32,0,0,0,Intel,1.6,Intel Celeron,Intel,1,Intel Graphics
70,Lenovo,V310-15ISK (i5-7200U/4GB/1TB/FHD/W10),Notebook,15.6,4.0,Windows 10,1.9,6.309918278226516,1,0,0,0,0,0,2073600,0,1024,0,0,Intel,2.5,Intel i5,Intel,1,Intel Graphics
71,Asus,FX753VE-GC093 (i7-7700HQ/12GB/1TB/GeForce,Gaming,17.3,12.0,Linux,3.0,6.856461984594587,1,0,0,0,0,0,2073600,0,1024,0,0,Intel,2.8,Intel i7,Nvidia,0,Nvidia GeForce
72,Microsoft,Surface Laptop,Ultrabook,13.5,4.0,Windows 10 S,1.252,6.993932975223189,0,0,0,1,0,0,3393024,128,0,0,0,Intel,2.5,Intel i5,Intel,1,Intel Graphics
73,Dell,Inspiron 5370,Ultrabook,13.3,8.0,Windows 10,1.4,6.862757913051401,1,1,0,0,0,0,2073600,256,0,0,0,Intel,1.8,Intel i7,AMD,0,AMD Radeon
74,Dell,Inspiron 5570,Notebook,15.6,8.0,Windows 10,2.2,6.769641976852503,1,0,0,0,0,0,2073600,256,0,0,0,Intel,1.8,Intel i7,AMD,0,AMD Radeon
75,MSI,GL72M 7RDX,Gaming,17.3,8.0,Windows 10,2.7,6.999422467507961,1,0,0,0,0,0,2073600,128,1024,0,0,Intel,2.5,Intel i5,Nvidia,0,Nvidia GeForce
76,Acer,Aspire E5-475,Notebook,14.0,8.0,Windows 10,2.1,5.966146739123692,0,0,0,0,0,0,1049088,0,1024,0,0,Intel,2.0,Intel i3,Intel,1,Intel Graphics
77,Asus,FX503VD-E4022T (i7-7700HQ/8GB/1TB/GeForce,Gaming,15.6,8.0,Windows 10,2.2,6.856461984594587,1,0,0,0,0,0,2073600,0,1024,0,0,Intel,2.8,Intel i7,Nvidia,0,Nvidia GeForce
78,Lenovo,IdeaPad 320-15IKBN,Notebook,15.6,8.0,No OS,2.2,6.253828811575473,1,0,0,0,0,0,2073600,0,2048,0,0,Intel,2.5,Intel i5,Intel,1,Intel Graphics
79,Dell,Inspiron 5570,Notebook,15.6,8.0,Windows 10,2.02,6.752270376141742,1,0,0,0,0,0,2073600,128,1024,0,0,Intel,1.8,Intel i7,Intel,1,Intel Graphics
80,Acer,Aspire A515-51G-32MX,Notebook,15.6,4.0,Windows 10,2.2,6.274762021241939,1,0,0,0,0,0,2073600,0,1024,0,0,Intel,2.7,Intel i3,Nvidia,0,Nvidia GeForce
81,HP,ProBook 470,Notebook,17.3,8.0,Windows 10,2.5,6.885509670034818,1,0,0,0,0,0,2073600,128,1024,0,0,Intel,1.6,Intel i5,Nvidia,0,Nvidia GeForce
82,Dell,Latitude 5590,Ultrabook,15.6,8.0,Windows 10,1.88,7.000480301964336,1,1,0,0,0,0,2073600,256,0,0,0,Intel,1.6,Intel i5,Intel,1,Intel Graphics
83,Apple,"MacBook 12""",Ultrabook,12.0,8.0,macOS,0.92,7.32052696227274,0,1,1,0,0,0,3317760,512,0,0,0,Intel,1.3,Intel i5,Intel,1,Intel Graphics
84,HP,ProBook 440,Notebook,14.0,8.0,Windows 10,1.63,6.7580945044277305,1,0,0,0,0,0,2073600,256,0,0,0,Intel,1.6,Intel i5,Intel,1,Intel Graphics
85,Lenovo,IdeaPad 320-15AST,Notebook,15.6,4.0,Windows 10,2.2,5.991464547107982,1,0,0,0,0,0,2073600,128,0,0,0,AMD,2.5,AMD A-Series,AMD,0,AMD Graphics
86,Acer,Aspire 3,Notebook,15.6,4.0,Windows 10,2.1,5.981414211254481,0,0,0,0,0,0,1049088,0,1024,0,0,AMD,3.0,AMD A-Series,AMD,0,AMD Radeon
87,Dell,Inspiron 7577,Gaming,15.6,16.0,Windows 10,2.65,7.2078598714324755,1,1,0,0,0,0,2073600,128,1024,0,0,Intel,2.8,Intel i7,Nvidia,0,Nvidia GeForce
88,HP,Pavilion 15-CK000nv,Ultrabook,15.6,8.0,Windows 10,1.83,6.551080335043404,1,1,0,0,0,0,2073600,256,0,0,0,Intel,1.8,Intel i7,Nvidia,0,Nvidia GeForce
89,HP,250 G6,Notebook,15.6,8.0,Windows 10,1.96,6.396912988410589,1,0,0,0,0,0,2073600,256,0,0,0,Intel,2.5,Intel i5,Intel,1,Intel Graphics
90,Asus,FX503VM-E4007T (i7-7700HQ/16GB/1TB,Gaming,15.6,16.0,Windows 10,2.2,7.27931883541462,1,1,0,0,0,0,2073600,128,1024,0,0,Intel,2.8,Intel i7,Nvidia,0,Nvidia GeForce
91,Dell,XPS 13,Ultrabook,13.3,8.0,Windows 10,1.21,7.408530566894626,1,1,0,0,0,0,2073600,256,0,0,0,Intel,1.8,Intel i7,Intel,1,Intel Graphics
92,Asus,FX550IK-DM018T (FX-9830P/8GB/1TB/Radeon,Gaming,15.6,8.0,Windows 10,2.45,6.551080335043404,1,0,0,0,0,0,2073600,0,1024,0,0,AMD,3.0,AMD Other,AMD,0,AMD Radeon
93,Acer,Aspire 5,Notebook,15.6,8.0,Windows 10,2.2,6.536691597591305,1,0,0,0,0,0,2073600,0,1024,0,0,Intel,1.8,Intel i7,Nvidia,0,Nvidia GeForce
94,HP,Probook 430,Notebook,13.3,16.0,Windows 10,1.49,7.088408778675395,1,0,0,0,0,0,2073600,512,0,0,0,Intel,1.8,Intel i7,Intel,1,Intel Graphics
95,Dell,Inspiron 7577,Gaming,15.6,8.0,Windows 10,2.65,7.086737934510577,1,0,0,0,0,0,2073600,256,0,0,0,Intel,2.5,Intel i5,Nvidia,0,Nvidia GeForce
96,Asus,Zenbook UX430UA,Ultrabook,14.0,8.0,Windows 10,1.25,6.956545443151569,1,0,0,0,0,0,2073600,256,0,0,0,Intel,2.7,Intel i7,Intel,1,Intel Graphics
97,Acer,Spin 5,2 in 1 Convertible,13.3,8.0,Windows 10,1.5,6.742880635791903,1,1,0,1,0,0,2073600,256,0,0,0,Intel,1.6,Intel i5,Intel,1,Intel Graphics
98,Dell,Inspiron 3567,Notebook,15.6,8.0,Linux,2.2,6.398428531339882,1,0,0,0,0,0,2073600,0,1024,0,0,Intel,2.7,Intel i7,AMD,0,AMD Radeon
99,Dell,Inspiron 3567,Notebook,15.6,4.0,Linux,2.2,6.186208623900494,1,0,0,0,0,0,2073600,256,0,0,0,Intel,2.0,Intel i3,AMD,0,AMD Radeon
100,Asus,X541UV-DM1439T (i3-7100U/6GB/256GB/GeForce,Notebook,15.6,6.0,Windows 10,2.0,6.359573868672378,1,0,0,0,0,0,2073600,256,0,0,0,Intel,2.4,Intel i3,Nvidia,0,Nvidia GeForce
102,HP,Omen 15-ce007nv,Gaming,15.6,12.0,Windows 10,2.62,7.1308988302963465,1,1,0,0,0,0,2073600,128,1024,0,0,Intel,2.8,Intel i7,Nvidia,0,Nvidia GeForce
103,HP,15-bs017nv (i7-7500U/8GB/256GB/Radeon,Notebook,15.6,8.0,Windows 10,1.91,6.579251212010101,1,0,0,0,0,0,2073600,256,0,0,0,Intel,2.7,Intel i7,AMD,0,AMD Radeon
104,HP,15-bw000nv (E2-9000e/4GB/500GB/Radeon,Notebook,15.6,4.0,Windows 10,2.1,5.857933154483459,1,0,0,0,0,0,2073600,0,500,0,0,AMD,1.5,AMD Other,AMD,0,AMD Radeon
105,Dell,Inspiron 3576,Notebook,15.6,8.0,Linux,2.2,6.473890696352274,1,0,0,0,0,0,2073600,0,1024,0,0,Intel,1.6,Intel i5,AMD,0,AMD Radeon
106,HP,Envy 13-ad009n,Ultrabook,13.3,8.0,Windows 10,1.38,7.02108396428914,1,1,0,0,0,0,2073600,256,0,0,0,Intel,2.7,Intel i7,Nvidia,0,Nvidia GeForce
107,Microsoft,Surface Laptop,Ultrabook,13.5,8.0,Windows 10 S,1.252,7.201170883281678,0,0,0,1,0,0,3393024,256,0,0,0,Intel,2.5,Intel i5,Intel,1,Intel Graphics
108,HP,Pavilion 14-BK001nv,Notebook,14.0,6.0,Windows 10,1.58,6.492239835020471,1,1,0,0,0,0,2073600,256,0,0,0,Intel,2.5,Intel i5,Nvidia,0,Nvidia GeForce
109,Lenovo,Ideapad 310-15ISK,Notebook,15.6,4.0,Windows 10,1.85,6.030444846748866,1,0,0,0,0,0,2073600,0,1024,0,0,Intel,2.0,Intel i3,Intel,1,Intel Graphics
110,Asus,UX430UQ-GV209R (i7-7500U/8GB/256GB/GeForce,Ultrabook,14.0,8.0,Windows 10,1.3,7.085064293952548,1,1,0,0,0,0,2073600,256,0,0,0,Intel,2.7,Intel i7,Nvidia,0,Nvidia GeForce
111,MSI,GP62M 7REX,Gaming,15.6,16.0,Windows 10,2.2,7.170119543449628,1,0,0,0,0,0,2073600,256,1024,0,0,Intel,2.8,Intel i7,Nvidia,0,Nvidia GeForce
112,Lenovo,Thinkpad T470,Notebook,14.0,8.0,Windows 10,1.58,7.300472814267799,1,1,0,0,0,0,2073600,256,0,0,0,Intel,2.7,Intel i7,Intel,1,Intel Graphics
113,Asus,VivoBook S15,Ultrabook,15.6,16.0,Windows 10,1.5,7.141245122350491,1,0,0,0,0,0,2073600,256,1024,0,0,Intel,1.8,Intel i7,Nvidia,0,Nvidia GeForce
114,Dell,XPS 13,Ultrabook,13.3,8.0,Windows 10,1.23,7.22983877815125,0,0,0,1,1,0,5760000,256,0,0,0,Intel,2.4,Intel i7,Intel,1,Intel Graphics
115,Lenovo,ThinkPad Yoga,2 in 1 Convertible,13.3,8.0,Windows 10,1.37,7.24422751560335,1,1,0,1,0,0,2073600,256,0,0,0,Intel,2.5,Intel i5,Intel,1,Intel Graphics
116,HP,Probook 440,Notebook,14.0,4.0,Windows 10,1.63,6.583409222158765,0,1,0,0,0,0,1049088,0,500,0,0,Intel,1.6,Intel i5,Intel,1,Intel Graphics
117,Dell,XPS 13,Ultrabook,13.3,8.0,Windows 10,1.21,7.396335293800808,1,1,0,0,0,0,2073600,256,0,0,0,Intel,1.6,Intel i5,Intel,1,Intel Graphics
118,HP,Spectre x360,2 in 1 Convertible,13.3,8.0,Windows 10,1.26,7.244220372720696,1,1,0,1,0,0,2073600,256,0,0,0,Intel,1.6,Intel i5,Intel,1,Intel Graphics
119,HP,Probook 440,Notebook,14.0,8.0,Windows 10,1.63,6.98933526597456,1,0,0,0,0,0,2073600,512,0,0,0,Intel,1.8,Intel i7,Intel,1,Intel Graphics
120,Dell,Inspiron 7570,Notebook,15.6,8.0,Windows 10,2.16,7.031149210745764,1,1,0,0,0,0,2073600,256,1024,0,0,Intel,1.8,Intel i7,Nvidia,0,Nvidia GeForce
121,Asus,X705UV-BX074T (i3-6006U/4GB/1TB/GeForce,Notebook,17.3,4.0,Windows 10,2.0,6.336825731146441,1,0,0,0,0,0,2073600,0,1024,0,0,Intel,2.0,Intel i3,Nvidia,0,Nvidia GeForce
122,Asus,VivoBook S15,Notebook,15.6,8.0,Windows 10,1.7,7.020190708311925,1,0,0,0,0,0,2073600,256,0,0,0,Intel,1.8,Intel i7,Nvidia,0,Nvidia GeForce
123,Acer,Spin 3,Notebook,15.6,6.0,Windows 10,2.1,6.173786103901937,1,1,0,1,0,0,2073600,0,1024,0,0,Intel,2.4,Intel i3,Intel,1,Intel Graphics
124,MSI,GS63VR 7RG,Gaming,15.6,16.0,Windows 10,1.8,7.715346593932951,1,0,0,0,0,0,2073600,256,2048,0,0,Intel,2.8,Intel i7,Nvidia,0,Nvidia GeForce
125,Lenovo,IdeaPad 320-15IKBN,Notebook,15.6,8.0,No OS,2.2,6.4457198193855785,1,0,0,0,0,0,2073600,256,0,0,0,Intel,2.5,Intel i5,Nvidia,0,Nvidia GeForce
126,HP,Probook 470,Notebook,17.3,16.0,Windows 10,2.5,7.148345743900068,1,0,0,0,0,0,2073600,512,0,0,0,Intel,1.8,Intel i7,Nvidia,0,Nvidia GeForce
127,Acer,Aspire 3,Notebook,15.6,4.0,Windows 10,2.1,6.113682179832232,0,0,0,0,0,0,1049088,256,0,0,0,AMD,3.0,AMD A-Series,AMD,0,AMD Radeon
128,HP,250 G6,Notebook,15.6,4.0,No OS,1.86,5.560681631015528,0,0,0,0,0,0,1049088,0,500,0,0,Intel,1.6,Intel Celeron,Intel,1,Intel Graphics
129,HP,Probook 440,Notebook,14.0,8.0,Windows 10,1.63,6.70073110954781,1,0,0,0,0,0,2073600,0,1024,0,0,Intel,1.6,Intel i5,Intel,1,Intel Graphics
130,Asus,E402WA-GA007T (E2-6110/4GB/64GB/W10,Notebook,14.0,4.0,Windows 10 S,1.65,5.631175938885108,0,0,0,0,0,0,1049088,64,0,0,0,AMD,1.5,AMD Other,AMD,0,AMD Radeon
131,Dell,Inspiron 5770,Notebook,17.3,16.0,Windows 10,2.8,7.242082359256962,1,0,0,0,0,0,2073600,256,2048,0,0,Intel,1.8,Intel i7,AMD,0,AMD Radeon
132,HP,ProBook 470,Notebook,17.3,8.0,Windows 10,2.5,6.834108738813838,1,0,0,0,0,0,2073600,256,0,0,0,Intel,1.6,Intel i5,Intel,1,Intel Graphics
133,Dell,Inspiron 5567,Notebook,15.6,8.0,Windows 10,2.36,6.461452551231646,0,0,0,0,0,0,1049088,0,1024,0,0,Intel,2.5,Intel i5,AMD,0,AMD Radeon
134,Dell,Inspiron 3567,Notebook,15.6,4.0,Windows 10,2.2,6.1092475827643655,1,0,0,0,0,0,2073600,0,1024,0,0,Intel,2.0,Intel i3,AMD,0,AMD Radeon
135,Acer,Swift 3,Ultrabook,14.0,8.0,Windows 10,1.6,6.785587645007929,1,1,0,0,0,0,2073600,256,0,0,0,Intel,1.8,Intel i7,Intel,1,Intel Graphics
136,Acer,Aspire A515-51G-37JS,Notebook,15.6,4.0,Windows 10,2.2,6.35088571671474,1,0,0,0,0,0,2073600,256,0,0,0,Intel,2.7,Intel i3,Nvidia,0,Nvidia GeForce
137,HP,15-BS078nr (i7-7500U/8GB/1TB/W10),Notebook,15.6,8.0,Windows 10,2.05,6.395261598115449,0,0,0,0,0,0,1049088,0,1024,0,0,Intel,2.7,Intel i7,Intel,1,Intel Graphics
138,HP,Probook 440,Notebook,14.0,8.0,Windows 10,1.63,6.8966943316227125,1,0,0,0,0,0,2073600,256,0,0,0,Intel,1.8,Intel i7,Intel,1,Intel Graphics
139,Lenovo,V110-15IAP (N3350/4GB/1TB/No,Notebook,15.6,4.0,No OS,1.9,5.5348114022303845,0,0,0,0,0,0,1049088,0,1024,0,0,Intel,1.1,Intel Celeron,Intel,1,Intel Graphics
140,Asus,FX753VD-GC086T (i5-7300HQ/8GB/1TB,Gaming,17.3,8.0,Windows 10,3.0,6.844815479208263,1,0,0,0,0,0,2073600,128,1024,0,0,Intel,2.5,Intel i5,Nvidia,0,Nvidia GeForce
141,Lenovo,IdeaPad 320-15IKBN,Notebook,15.6,4.0,No OS,2.2,6.214608098422191,1,0,0,0,0,0,2073600,0,1024,0,0,Intel,2.5,Intel i5,Nvidia,0,Nvidia GeForce
142,HP,Envy 13-AD007nv,Notebook,13.3,4.0,Windows 10,1.32,6.551080335043404,1,1,0,0,0,0,2073600,256,0,0,0,Intel,2.5,Intel i5,Intel,1,Intel Graphics
143,Acer,Aspire 5,Notebook,17.3,4.0,Windows 10,3.0,6.486160788944089,1,1,0,0,0,0,2073600,0,1024,0,0,Intel,2.7,Intel i3,Nvidia,0,Nvidia GeForce
144,Lenovo,ThinkPad E480,Notebook,14.0,8.0,Windows 10,1.75,7.018419704011861,1,1,0,0,0,0,2073600,256,0,0,0,Intel,1.6,Intel i5,AMD,0,AMD Radeon
145,Lenovo,Legion Y520-15IKBN,Gaming,15.6,8.0,No OS,2.4,6.76849321164863,1,1,0,0,0,0,2073600,256,0,0,0,Intel,2.8,Intel i7,Nvidia,0,Nvidia GeForce
146,Toshiba,Satellite Pro,Notebook,15.6,4.0,Windows 10,2.1,6.401917196727186,0,0,0,0,0,0,1049088,0,500,0,0,Intel,2.3,Intel i5,Intel,1,Intel Graphics
147,HP,255 G6,Notebook,15.6,4.0,Windows 10,1.86,5.91350300563827,0,0,0,0,0,0,1049088,256,0,0,0,AMD,2.5,AMD A-Series,AMD,0,AMD Radeon
148,Asus,ZenBook UX430UA,Ultrabook,14.0,8.0,Windows 10,1.25,7.003065458786462,1,0,0,0,0,0,2073600,256,0,0,0,Intel,1.8,Intel i7,Intel,1,Intel Graphics
149,HP,EliteBook Folio,Ultrabook,12.5,8.0,Windows 10,0.97,7.608374474380783,0,1,0,1,0,1,8294400,512,0,0,0,Intel,1.2,Intel Other,Intel,1,Intel Graphics
150,Asus,X541NA (N3350/4GB/1TB/FHD/W10),Notebook,15.6,4.0,Windows 10,2.0,5.84354441703136,1,0,0,0,0,0,2073600,0,1024,0,0,Intel,1.1,Intel Celeron,Intel,1,Intel Graphics
151,MSI,GE72MVR 7RG,Gaming,17.3,16.0,Windows 10,2.9,7.615791072035833,1,0,0,0,0,0,2073600,256,1024,0,0,Intel,2.8,Intel i7,Nvidia,0,Nvidia GeForce
152,Acer,Aspire A315-51,Notebook,15.6,4.0,Windows 10,2.1,6.104793232414985,0,0,0,0,0,0,1049088,0,1024,0,0,Intel,2.0,Intel i3,Intel,1,Intel Graphics
153,Dell,Inspiron 5577,Gaming,15.6,16.0,Windows 10,2.56,7.131106808667346,1,0,0,0,0,0,2073600,512,0,0,0,Intel,2.8,Intel i7,Nvidia,0,Nvidia GeForce
154,Dell,Inspiron 7567,Gaming,15.6,8.0,Windows 10,2.62,6.802394763324311,1,0,0,0,0,0,2073600,0,0,0,1024,Intel,2.8,Intel i7,Nvidia,0,Nvidia GeForce
155,Lenovo,V110-15IKB (i5-7200U/4GB/128GB/W10),Notebook,15.6,4.0,Windows 10,1.9,6.212606095751519,0,0,0,0,0,0,1049088,128,0,0,0,Intel,2.5,Intel i5,Intel,1,Intel Graphics
156,MSI,GE73VR 7RE,Gaming,17.3,16.0,Windows 10,2.8,7.544861068658458,1,0,0,0,0,0,2073600,256,1024,0,0,Intel,2.8,Intel i7,Nvidia,0,Nvidia GeForce
157,HP,EliteBook 840,Ultrabook,14.0,4.0,Windows 10,1.48,6.9874902470009905,1,0,0,0,0,0,2073600,256,0,0,0,Intel,2.7,Intel i5,Intel,1,Intel Graphics
158,HP,15-BS103nv (i5-8250U/6GB/256GB/Radeon,Notebook,15.6,6.0,Windows 10,1.91,6.429719478039138,1,0,0,0,0,0,2073600,256,0,0,0,Intel,1.6,Intel i5,AMD,0,AMD Radeon
159,Lenovo,Yoga 520-14IKB,2 in 1 Convertible,14.0,4.0,Windows 10,1.74,6.4457198193855785,1,1,0,1,0,0,2073600,256,0,0,0,Intel,2.4,Intel i3,Intel,1,Intel Graphics
160,Asus,ZenBook Flip,2 in 1 Convertible,13.3,8.0,Windows 10,1.1,7.182352111885263,1,0,0,1,0,0,2073600,256,0,0,0,Intel,1.6,Intel i5,Intel,1,Intel Graphics
161,Dell,Inspiron 5579,2 in 1 Convertible,15.6,8.0,Windows 10,1.56,6.956545443151569,1,0,0,1,0,0,2073600,256,0,0,0,Intel,1.8,Intel i7,Intel,1,Intel Graphics
163,Toshiba,Satellite Pro,Notebook,15.6,4.0,Windows 10,2.1,6.104793232414985,0,0,0,0,0,0,1049088,0,500,0,0,Intel,2.2,Intel i3,Intel,1,Intel Graphics
164,Asus,X555BP-XX180T (A9-9420/4GB/1TB/Radeon,Notebook,15.6,4.0,Windows 10,2.03,6.0014148779611505,0,0,0,0,0,0,1049088,0,1024,0,0,AMD,3.0,AMD A-Series,AMD,0,AMD Radeon
165,Acer,Aspire A517-51G,Notebook,17.3,4.0,Windows 10,3.0,6.692083742506628,1,1,0,0,0,0,2073600,256,0,0,0,Intel,1.6,Intel i5,Nvidia,0,Nvidia GeForce
166,Dell,Inspiron 3576,Notebook,15.6,8.0,Windows 10,2.13,6.591673732008658,1,0,0,0,0,0,2073600,256,0,0,0,Intel,1.6,Intel i5,AMD,0,AMD Radeon
167,Lenovo,Legion Y520-15IKBN,Gaming,15.6,16.0,Windows 10,2.5,6.984716320118266,1,1,0,0,0,0,2073600,256,0,0,0,Intel,2.8,Intel i7,Nvidia,0,Nvidia GeForce
168,Acer,Aspire A315-31,Notebook,15.6,4.0,Windows 10,2.1,5.855071922202427,0,0,0,0,0,0,1049088,0,1024,0,0,Intel,1.1,Intel Celeron,Intel,1,Intel Graphics
169,MSI,GE63VR 7RE,Gaming,15.6,16.0,Windows 10,2.4,7.495541943884256,1,1,0,0,0,0,2073600,256,1024,0,0,Intel,2.8,Intel i7,Nvidia,0,Nvidia GeForce
170,Acer,Aspire 3,Notebook,15.6,4.0,Windows 10,2.1,5.898553985914634,0,0,0,0,0,0,1049088,0,1024,0,0,Intel,1.1,Intel Pentium,Intel,1,Intel Graphics
171,Dell,Inspiron 5577,Gaming,15.6,8.0,Windows 10,2.56,6.967428860467754,1,0,0,0,0,0,2073600,128,1024,0,0,Intel,2.8,Intel i7,Nvidia,0,Nvidia GeForce
172,Acer,Aspire A517-51G,Notebook,17.3,8.0,Windows 10,3.0,6.75110146893676,1,1,0,0,0,0,2073600,256,0,0,0,Intel,1.6,Intel i5,Nvidia,0,Nvidia GeForce
173,HP,ProBook 430,Notebook,13.3,4.0,Windows 10,1.49,6.626717749249025,1,1,0,0,0,0,2073600,0,500,0,0,Intel,1.6,Intel i5,Intel,1,Intel Graphics
174,Huawei,MateBook X,Ultrabook,13.0,8.0,Windows 10,1.05,7.2078598714324755,1,1,0,0,0,0,3110400,256,0,0,0,Intel,2.5,Intel i5,Intel,1,Intel Graphics
175,HP,17-bs001nv (i5-7200U/6GB/2TB/Radeon,Notebook,17.3,6.0,Windows 10,2.71,6.551080335043404,1,1,0,0,0,0,2073600,0,2048,0,0,Intel,2.5,Intel i5,AMD,0,AMD Radeon
176,Lenovo,IdeaPad 320-15AST,Notebook,15.6,4.0,No OS,2.2,5.736572297479192,0,0,0,0,0,0,1049088,0,500,0,0,AMD,2.9,AMD A-Series,AMD,0,AMD Radeon
177,Toshiba,Satellite Pro,Notebook,15.6,4.0,Windows 10,2.0,6.194405391104672,0,0,0,0,0,0,1049088,0,500,0,0,Intel,2.4,Intel i3,Intel,1,Intel Graphics
178,HP,ProBook 470,Notebook,17.3,8.0,Windows 10,2.5,6.828712071641684,1,0,0,0,0,0,2073600,256,0,0,0,Intel,1.6,Intel i5,Nvidia,0,Nvidia GeForce
179,Dell,Inspiron 3567,Notebook,15.6,8.0,Windows 10,2.3,6.131226489483141,0,0,0,0,0,0,1049088,0,1024,0,0,Intel,2.4,Intel i3,Intel,1,Intel Graphics
180,Acer,Aspire A315-51,Notebook,15.6,4.0,Windows 10,2.1,6.1092475827643655,0,0,0,0,0,0,1049088,128,0,0,0,Intel,2.0,Intel i3,Intel,1,Intel Graphics
181,MSI,GT80S 6QF-074US,Gaming,18.4,32.0,Windows 10,4.4,7.937374696163295,1,0,0,0,0,0,2073600,512,1024,0,0,Intel,2.9,Intel i7,Nvidia,0,Nvidia Graphics
182,Lenovo,V310-15IKB (i5-7200U/8GB/1TB,Notebook,15.6,8.0,Windows 10,1.9,6.70196036600254,1,0,0,0,0,0,2073600,128,1024,0,0,Intel,2.5,Intel i5,AMD,0,AMD Graphics
183,HP,Spectre x360,2 in 1 Convertible,13.3,8.0,Windows 10,1.29,7.313220387090301,0,1,0,1,0,1,8294400,256,0,0,0,Intel,1.6,Intel i5,Intel,1,Intel Graphics
184,Dell,Inspiron 5570,Notebook,15.6,16.0,Linux,2.02,6.956545443151569,1,0,0,0,0,0,2073600,256,2048,0,0,Intel,1.8,Intel i7,AMD,0,AMD Radeon
185,Dell,XPS 13,Ultrabook,13.3,8.0,Windows 10,1.23,7.24422751560335,1,0,0,0,0,0,2073600,256,0,0,0,Intel,1.6,Intel i5,Intel,1,Intel Graphics
186,Lenovo,Yoga 920-13IKB,2 in 1 Convertible,13.9,16.0,Windows 10,1.4,7.52294091807237,0,1,0,1,0,1,8294400,512,0,0,0,Intel,1.8,Intel i7,Intel,1,Intel Graphics
187,Toshiba,Satellite Pro,Notebook,15.6,8.0,Windows 10,2.0,6.677083461247136,0,0,0,0,0,0,1049088,128,0,0,0,Intel,2.5,Intel i5,Intel,1,Intel Graphics
188,Xiaomi,Mi Notebook,Notebook,15.6,8.0,No OS,1.95,7.090076835776092,1,1,0,0,0,0,2073600,256,0,0,0,Intel,1.6,Intel i5,Nvidia,0,Nvidia GeForce
189,Dell,Inspiron 7773,Notebook,17.3,16.0,Windows 10,2.77,7.346010209913293,1,0,0,1,0,0,2073600,512,0,0,0,Intel,1.8,Intel i7,Nvidia,0,Nvidia GeForce
190,Dell,XPS 15,Notebook,15.6,16.0,Windows 10,2.06,7.7823903355874595,0,0,0,1,0,1,8294400,512,0,0,0,Intel,2.8,Intel i7,Nvidia,0,Nvidia GeForce
191,Lenovo,Legion Y520-15IKBN,Gaming,15.6,8.0,No OS,2.4,6.659293919683638,1,1,0,0,0,0,2073600,256,0,0,0,Intel,2.5,Intel i5,Nvidia,0,Nvidia GeForce
192,Acer,Swift 7,Ultrabook,13.3,8.0,Windows 10,1.12,6.897704943128636,1,1,0,0,0,0,2073600,256,0,0,0,Intel,1.2,Intel i5,Intel,1,Intel Graphics
193,Dell,Inspiron 5770,Notebook,17.3,8.0,Windows 10,2.8,6.990256500493881,1,0,0,0,0,0,2073600,128,1024,0,0,Intel,1.8,Intel i7,AMD,0,AMD Radeon
194,Lenovo,Thinkpad Yoga,2 in 1 Convertible,14.0,16.0,Windows 10,1.42,7.946263643580541,0,0,0,1,0,0,3686400,1024,0,0,0,Intel,2.7,Intel i7,Intel,1,Intel Graphics
195,Vero,K147 (N3350/4GB/32GB/FHD/W10),Notebook,14.0,4.0,Windows 10,1.3,5.564520407322694,1,1,0,0,0,0,2073600,0,0,32,0,Intel,1.1,Intel Celeron,Intel,1,Intel Graphics
196,Xiaomi,Mi Notebook,Ultrabook,13.3,8.0,No OS,1.3,6.908654874224973,1,1,0,0,0,0,2073600,256,0,0,0,Intel,2.5,Intel i5,Nvidia,0,Nvidia GeForce
197,Lenovo,IdeaPad 320-17IKBR,Notebook,17.3,8.0,No OS,2.8,6.54965074223381,0,0,0,0,0,0,1440000,256,0,0,0,Intel,1.6,Intel i5,Nvidia,0,Nvidia GeForce
198,Dell,Inspiron 5379,2 in 1 Convertible,13.3,8.0,Windows 10,1.62,6.733401891837359,1,1,0,1,0,0,2073600,0,1024,0,0,Intel,1.8,Intel i7,Intel,1,Intel Graphics
199,HP,ProBook 470,Notebook,17.3,8.0,Windows 10,2.5,6.818924065275521,1,1,0,0,0,0,2073600,0,1024,0,0,Intel,1.6,Intel i5,Nvidia,0,Nvidia GeForce
200,Razer,Blade Pro,Gaming,17.3,32.0,Windows 10,3.49,8.716044050161402,0,0,0,1,0,1,8294400,1024,0,0,0,Intel,2.9,Intel i7,Nvidia,0,Nvidia GeForce
201,HP,ProBook 430,Notebook,13.3,8.0,Windows 10,1.49,6.866933284461882,1,0,0,0,0,0,2073600,512,0,0,0,Intel,1.6,Intel i5,Intel,1,Intel Graphics
202,HP,Omen 17-W295,Gaming,17.3,16.0,Windows 10,3.35,7.22983877815125,1,1,0,0,0,0,2073600,256,1024,0,0,Intel,2.8,Intel i7,Nvidia,0,Nvidia GeForce
203,HP,Probook 470,Notebook,17.3,8.0,Windows 10,2.5,6.952728644624869,1,0,0,0,0,0,2073600,256,0,0,0,Intel,1.8,Intel i7,Nvidia,0,Nvidia GeForce
204,Dell,Inspiron 7577,Gaming,15.6,16.0,Windows 10,2.65,7.520776415062797,0,1,0,0,0,1,8294400,512,1024,0,0,Intel,2.8,Intel i7,Nvidia,0,Nvidia GeForce
205,Lenovo,V110-15ISK (i5-6200U/4GB/128GB/W10),Notebook,15.6,4.0,Windows 10,2.1,6.202535517187923,0,0,0,0,0,0,1049088,128,0,0,0,Intel,2.3,Intel i5,Intel,1,Intel Graphics
206,Acer,Aspire E5-576G,Notebook,15.6,8.0,Windows 10,2.23,6.610696044717759,1,0,0,0,0,0,2073600,0,1024,0,0,Intel,2.7,Intel i7,Nvidia,0,Nvidia GeForce
207,Lenovo,Legion Y720-15IKB,Gaming,15.6,16.0,Windows 10,3.2,7.4673710669175595,1,1,0,0,0,0,2073600,512,1024,0,0,Intel,2.8,Intel i7,Nvidia,0,Nvidia GeForce
208,Dell,Precision 7520,Workstation,15.6,16.0,Windows 10,2.8,8.024862150286411,0,0,0,0,0,1,8294400,256,1024,0,0,Intel,3.0,Intel Other,Nvidia,0,Nvidia Quadro
209,Lenovo,Legion Y520-15IKBN,Gaming,15.6,16.0,No OS,2.4,7.243512974665482,1,0,0,0,0,0,2073600,512,0,0,0,Intel,2.8,Intel i7,Nvidia,0,Nvidia GeForce
210,Dell,Inspiron 3567,Notebook,15.6,6.0,Windows 10,2.3,6.0867747269123065,0,0,0,1,0,0,1049088,0,1024,0,0,Intel,2.4,Intel i3,Intel,1,Intel Graphics
211,Dell,XPS 13,Ultrabook,13.3,8.0,Windows 10,1.21,7.575584651557793,0,1,0,1,0,1,8294400,256,0,0,0,Intel,1.8,Intel i7,Intel,1,Intel Graphics
212,Dell,XPS 13,Ultrabook,13.3,8.0,Windows 10,1.2,7.27931883541462,1,0,0,0,0,0,2073600,256,0,0,0,Intel,1.8,Intel i7,Intel,1,Intel Graphics
213,Lenovo,IdeaPad 320-15IKBN,Notebook,15.6,8.0,Windows 10,2.2,6.393590753950631,0,0,0,0,0,0,1049088,256,0,0,0,Intel,2.5,Intel i5,Intel,1,Intel Graphics
215,Acer,Aspire 7,Notebook,15.6,8.0,Linux,2.4,6.659293919683638,1,0,0,0,0,0,2073600,0,1024,0,0,Intel,2.8,Intel i7,Nvidia,0,Nvidia GeForce
216,Asus,ROG GL703VD-GC028T,Gaming,17.3,16.0,Windows 10,2.9,7.249925536717988,1,0,0,0,0,0,2073600,256,1024,0,0,Intel,2.8,Intel i7,Nvidia,0,Nvidia GeForce
217,HP,15-bs018nq (i3-6006U/4GB/500GB/FHD/No,Notebook,15.6,4.0,No OS,2.1,5.857933154483459,1,0,0,0,0,0,2073600,0,500,0,0,Intel,2.0,Intel i3,Intel,1,Intel Graphics
218,Lenovo,IdeaPad 320-15IKBN,Notebook,15.6,8.0,No OS,2.2,6.309918278226516,1,0,0,0,0,0,2073600,256,0,0,0,Intel,2.5,Intel i5,Intel,1,Intel Graphics
219,Huawei,MateBook X,Ultrabook,13.0,8.0,Windows 10,1.05,7.313220387090301,1,1,0,0,0,0,3110400,512,0,0,0,Intel,2.7,Intel i7,Intel,1,Intel Graphics
220,Dell,Inspiron 5370,Ultrabook,13.3,8.0,Windows 10,1.4,6.8382765752120775,1,1,0,0,0,0,2073600,256,0,0,0,Intel,1.8,Intel i7,AMD,0,AMD Radeon
221,Lenovo,IdeaPad 320-17IKB,Notebook,17.3,8.0,No OS,2.8,6.380122536899765,0,0,0,0,0,0,1440000,0,1024,0,0,Intel,2.5,Intel i5,Nvidia,0,Nvidia GeForce
222,HP,Probook 440,Notebook,14.0,8.0,Windows 10,1.63,6.939253946041508,1,0,0,0,0,0,2073600,256,0,0,0,Intel,1.8,Intel i7,Nvidia,0,Nvidia GeForce
223,Dell,Latitude 5490,Ultrabook,14.0,8.0,Windows 10,1.6,7.047517221357296,1,0,0,0,0,0,2073600,256,0,0,0,Intel,1.6,Intel i5,Intel,1,Intel Graphics
224,Dell,Inspiron 5379,2 in 1 Convertible,13.3,16.0,Windows 10,1.62,7.154615356913663,1,0,0,1,0,0,2073600,512,0,0,0,Intel,1.8,Intel i7,Intel,1,Intel Graphics
225,Dell,Inspiron 3576,Notebook,15.6,8.0,Linux,2.2,6.519663378931318,1,0,0,0,0,0,2073600,256,0,0,0,Intel,1.6,Intel i5,AMD,0,AMD Radeon
226,Lenovo,Yoga 520-14IKB,2 in 1 Convertible,14.0,8.0,Windows 10,1.74,6.802394763324311,1,1,0,0,0,0,2073600,256,0,0,0,Intel,1.6,Intel i5,Intel,1,Intel Graphics
227,Toshiba,Portege Z30-C-16L,Ultrabook,13.3,8.0,Windows 10,1.2,7.218176838403408,1,0,0,0,0,0,2073600,256,0,0,0,Intel,2.5,Intel i7,Intel,1,Intel Graphics
228,HP,ProBook 450,Notebook,15.6,8.0,Windows 10,2.1,6.678342114654332,1,0,0,0,0,0,2073600,0,1024,0,0,Intel,1.6,Intel i5,Intel,1,Intel Graphics
229,Dell,Alienware 17,Gaming,17.3,16.0,Windows 10,4.42,7.806834743085911,1,1,0,0,0,0,2073600,256,1024,0,0,Intel,2.8,Intel i7,Nvidia,0,Nvidia GeForce
230,Acer,Aspire E5-576G,Notebook,15.6,8.0,Windows 10,2.2,6.725033642166843,1,0,0,0,0,0,2073600,256,0,0,0,Intel,2.7,Intel i7,Nvidia,0,Nvidia GeForce
231,Dell,Inspiron 5567,Notebook,15.6,16.0,Windows 10,2.3,6.756944017086926,1,0,0,1,0,0,2073600,0,1024,0,0,Intel,2.7,Intel i7,AMD,0,AMD Radeon
232,Asus,Vivobook X541UV-DM1217T,Notebook,15.6,8.0,Windows 10,2.0,6.646390514847729,1,0,0,0,0,0,2073600,256,0,0,0,Intel,2.5,Intel i5,Nvidia,0,Nvidia GeForce
233,Asus,K756UX-T4340T (i5-7200U/8GB/500GB,Notebook,17.3,8.0,Windows 10,2.69,6.79346613258001,1,0,0,0,0,0,2073600,256,500,0,0,Intel,2.5,Intel i5,Nvidia,0,Nvidia GeForce
234,HP,ZBook 15u,Notebook,15.6,8.0,Windows 10,1.9,7.146772179452637,1,0,0,0,0,0,2073600,0,1024,0,0,Intel,2.7,Intel i7,AMD,0,AMD Graphics
235,Asus,Pro P2540UA-XO0198T,Notebook,15.6,4.0,Windows 10,2.37,5.991439546795477,0,0,0,0,0,0,1049088,0,1024,0,0,Intel,2.4,Intel i3,Intel,1,Intel Graphics
236,HP,15-rb013nv (E2-9000e/4GB/500GB/W10),Notebook,15.6,4.0,Windows 10,2.1,5.802118375377063,0,0,0,0,0,0,1049088,0,500,0,0,AMD,1.5,AMD Other,AMD,0,AMD Radeon
237,Lenovo,Legion Y720-15IKB,Gaming,15.6,16.0,Windows 10,3.2,7.313220387090301,1,1,0,0,0,0,2073600,256,1024,0,0,Intel,2.8,Intel i7,Nvidia,0,Nvidia GeForce
238,Dell,Vostro 5468,Notebook,14.0,8.0,Windows 10,1.6,6.756932389247553,1,0,0,0,0,0,2073600,256,0,0,0,Intel,2.5,Intel i5,Intel,1,Intel Graphics
239,Acer,Aspire R7,2 in 1 Convertible,13.3,8.0,Windows 10,1.6,6.536691597591305,1,1,0,1,0,0,2073600,256,0,0,0,Intel,2.3,Intel i5,Intel,1,Intel Graphics
240,Dell,Inspiron 5567,Notebook,15.6,16.0,Linux,2.36,6.802394763324311,1,0,0,0,0,0,2073600,256,0,0,0,Intel,2.7,Intel i7,AMD,0,AMD Radeon
241,Acer,Aspire A315-51,Notebook,15.6,4.0,Linux,2.1,5.968707559985366,0,0,0,0,0,0,1049088,0,1024,0,0,Intel,2.0,Intel i3,Intel,1,Intel Graphics
242,Asus,X555QG-DM242T (A10-9620P/4GB/1TB,Notebook,15.6,4.0,Windows 10,2.2,6.3561076606958915,1,0,0,0,0,0,2073600,128,1024,0,0,AMD,2.5,AMD A-Series,AMD,0,AMD Radeon
243,Asus,ROG G703VI-E5062T,Gaming,17.3,32.0,Windows 10,4.7,8.266421472984554,1,0,0,0,0,0,2073600,512,1024,0,0,Intel,2.9,Intel i7,Nvidia,0,Nvidia GeForce
244,Acer,Nitro AN515-51,Gaming,15.6,8.0,Windows 10,2.5,6.741700694652055,1,1,0,0,0,0,2073600,256,0,0,0,Intel,2.5,Intel i5,Nvidia,0,Nvidia GeForce
245,Lenovo,IdeaPad 320-15ISK,Notebook,15.6,8.0,Windows 10,2.2,6.380122536899765,0,0,0,0,0,0,1049088,128,0,0,0,Intel,2.0,Intel i3,Intel,1,Intel Graphics
246,Asus,VivoBook Pro,Notebook,17.3,8.0,Windows 10,2.1,7.044032897274685,1,0,0,0,0,0,2073600,128,1024,0,0,Intel,1.8,Intel i7,Nvidia,0,Nvidia GeForce
247,Asus,F756UX-T4201D (i7-7500U/8GB/128GB,Notebook,17.3,8.0,No OS,2.69,6.7912214627261855,1,0,0,0,0,0,2073600,128,1024,0,0,Intel,2.7,Intel i7,Nvidia,0,Nvidia GeForce
248,Dell,Inspiron 5577,Gaming,15.6,8.0,Windows 10,2.56,6.779921907472252,1,0,0,0,0,0,2073600,256,0,0,0,Intel,2.5,Intel i5,Nvidia,0,Nvidia GeForce
249,Lenovo,Yoga 910-13IKB,2 in 1 Convertible,13.9,8.0,Windows 10,1.38,6.984716320118266,1,1,0,1,0,0,2073600,256,0,0,0,Intel,2.7,Intel i7,Intel,1,Intel Graphics
250,Dell,Inspiron 5570,Notebook,15.6,8.0,Windows 10,2.2,6.893656354602635,1,0,0,0,0,0,2073600,128,2048,0,0,Intel,1.8,Intel i7,AMD,0,AMD Radeon
251,HP,15-bs015dx (i5-7200U/8GB/1TB/W10),Notebook,15.6,8.0,Windows 10,2.04,6.327936783729195,0,0,0,1,0,0,1049088,0,1024,0,0,Intel,2.5,Intel i5,Intel,1,Intel Graphics
252,Asus,Rog G701VIK-BA060T,Gaming,17.3,16.0,Windows 10,3.6,8.006367567650246,1,0,0,0,0,0,2073600,256,0,0,0,Intel,2.9,Intel i7,Nvidia,0,Nvidia GeForce
253,HP,ProBook 430,Notebook,13.3,4.0,Windows 10,1.49,6.516193076042964,1,1,0,0,0,0,2073600,0,500,0,0,Intel,1.6,Intel i5,Intel,1,Intel Graphics
254,Apple,MacBook Pro,Ultrabook,13.3,8.0,macOS,1.37,7.621195162809845,0,1,1,0,0,0,4096000,512,0,0,0,Intel,3.1,Intel i5,Intel,1,Intel Graphics
255,Dell,Inspiron 5579,2 in 1 Convertible,15.6,8.0,Windows 10,2.08,6.709304340258298,1,1,0,1,0,0,2073600,0,1024,0,0,Intel,1.8,Intel i7,Intel,1,Intel Graphics
256,Asus,ROG G752VSK-GC493T,Gaming,17.3,16.0,Windows 10,4.3,7.495541943884256,1,0,0,0,0,0,2073600,256,1024,0,0,Intel,2.8,Intel i7,Nvidia,0,Nvidia GeForce
257,Asus,X505BP-BR019T (A9-9420/4GB/1TB/Radeon,Notebook,15.6,4.0,Windows 10,1.68,6.152732694704104,0,0,0,0,0,0,1049088,0,1024,0,0,AMD,3.0,AMD A-Series,AMD,0,AMD Radeon
258,Lenovo,Yoga 920-13IKB,2 in 1 Convertible,13.9,8.0,Windows 10,1.37,7.52294091807237,1,1,0,1,0,0,2073600,512,0,0,0,Intel,1.8,Intel i7,Intel,1,Intel Graphics
259,Acer,Aspire 5,Notebook,17.3,4.0,Windows 10,3.0,6.555356891810665,1,1,0,0,0,0,2073600,256,0,0,0,Intel,2.7,Intel i3,Nvidia,0,Nvidia GeForce
260,Dell,Vostro 5370,Ultrabook,13.3,8.0,Windows 10,1.41,6.856461984594587,1,0,0,0,0,0,2073600,256,0,0,0,Intel,1.6,Intel i5,Intel,1,Intel Graphics
261,HP,15-BW094nd (A6-9220/8GB/128GB/W10),Notebook,15.6,8.0,Windows 10,1.91,6.1023348559394055,0,0,0,0,0,0,1049088,128,0,0,0,AMD,2.5,AMD A-Series,AMD,0,AMD Radeon
262,HP,Envy 17-U275cl,Notebook,17.3,16.0,Windows 10,2.9,6.966024187106113,1,1,0,0,0,0,2073600,0,1024,0,0,Intel,1.8,Intel i7,Nvidia,0,Nvidia GeForce
263,MSI,GT73EVR 7RE,Gaming,17.3,16.0,Windows 10,4.14,7.824046010856292,1,0,0,0,0,0,2073600,512,1024,0,0,Intel,2.8,Intel i7,Nvidia,0,Nvidia GeForce
264,Lenovo,Yoga 720-15IKB,2 in 1 Convertible,15.6,8.0,Windows 10,2.0,7.438383530044307,1,1,0,1,0,0,2073600,512,0,0,0,Intel,2.8,Intel i7,Nvidia,0,Nvidia GeForce
265,Dell,Inspiron 5770,Notebook,17.3,8.0,Windows 10,2.8,7.04141166379481,1,0,0,0,0,0,2073600,128,1024,0,0,Intel,1.8,Intel i7,AMD,0,AMD Radeon
266,Lenovo,IdeaPad 320-15ISK,Notebook,15.6,4.0,No OS,2.2,6.09807428216624,1,0,0,0,0,0,2073600,256,0,0,0,Intel,2.0,Intel i3,Intel,1,Intel Graphics
267,HP,ProBook 450,Notebook,15.6,4.0,Windows 10,2.1,6.583409222158765,1,1,0,0,0,0,2073600,0,500,0,0,Intel,1.6,Intel i5,Intel,1,Intel Graphics
268,Dell,Vostro 3568,Notebook,15.6,4.0,Windows 10,2.18,6.489204931325317,1,0,0,0,0,0,2073600,0,1024,0,0,Intel,2.5,Intel i5,Intel,1,Intel Graphics
269,Dell,Inspiron 3567,Notebook,15.6,8.0,Windows 10,2.24,6.338594078203183,1,0,0,0,0,0,2073600,0,1024,0,0,Intel,2.5,Intel i5,AMD,0,AMD Radeon
270,Dell,Inspiron 5579,2 in 1 Convertible,15.6,8.0,Windows 10,2.67,6.684611727667927,1,0,0,1,0,0,2073600,256,0,0,0,Intel,1.6,Intel i5,Intel,1,Intel Graphics
271,Asus,ZenBook Flip,2 in 1 Convertible,13.3,8.0,Windows 10,1.1,7.313220387090301,1,0,0,1,0,0,2073600,1024,0,0,0,Intel,1.8,Intel i7,Intel,1,Intel Graphics
272,Lenovo,IdeaPad 320-15IKBN,Notebook,15.6,4.0,No OS,2.2,6.148468295917647,1,0,0,0,0,0,2073600,0,1024,0,0,Intel,2.5,Intel i5,Intel,1,Intel Graphics
273,HP,Probook 470,Notebook,17.3,8.0,Windows 10,2.5,6.926577033222725,1,0,0,0,0,0,2073600,0,1024,0,0,Intel,1.8,Intel i7,Nvidia,0,Nvidia GeForce
274,Lenovo,V330-15IKB (i7-8550U/8GB/256GB/FHD/W10),Notebook,15.6,8.0,Windows 10,2.05,6.78105762593618,1,0,0,0,0,0,2073600,256,0,0,0,Intel,1.8,Intel i7,Intel,1,Intel Graphics
275,Apple,MacBook Pro,Ultrabook,13.3,8.0,macOS,1.37,7.580648730514814,0,1,1,0,0,0,4096000,512,0,0,0,Intel,2.9,Intel i5,Intel,1,Intel Graphics
276,Asus,Rog Strix,Gaming,17.3,16.0,Windows 10,3.2,7.346010209913293,1,0,0,0,0,0,2073600,256,1024,0,0,AMD,3.0,AMD Ryzen,AMD,0,AMD Radeon
277,Dell,Inspiron 3576,Notebook,15.6,8.0,Linux,2.14,6.601325222901983,1,0,0,0,0,0,2073600,256,0,0,0,Intel,1.8,Intel i7,AMD,0,AMD Radeon
278,Lenovo,ThinkPad X1,2 in 1 Convertible,14.0,16.0,Windows 10,1.36,7.824046010856292,0,0,0,1,0,0,3686400,512,0,0,0,Intel,2.6,Intel i7,Intel,1,Intel Graphics
279,Toshiba,Satellite Pro,Notebook,15.6,8.0,Windows 10,2.2,6.70073110954781,0,0,0,0,0,0,1049088,0,500,0,0,Intel,2.5,Intel i7,Nvidia,0,Nvidia GeForce
280,Dell,Inspiron 5567,Notebook,15.6,12.0,Windows 10,2.3,6.570980996749741,0,0,0,0,0,0,1049088,0,1024,0,0,Intel,2.7,Intel i7,Intel,1,Intel Graphics
281,Dell,Inspiron 5770,Notebook,17.3,8.0,Linux,2.8,7.003065458786462,1,0,0,0,0,0,2073600,128,1024,0,0,Intel,1.8,Intel i7,AMD,0,AMD Radeon
282,Acer,Aspire A515-51G,Notebook,15.6,8.0,Windows 10,2.2,6.61472560020376,1,1,0,0,0,0,2073600,0,1024,0,0,Intel,1.8,Intel i7,Nvidia,0,Nvidia GeForce
283,Lenovo,IdeaPad 320-17ISK,Notebook,17.3,4.0,Windows 10,2.8,6.194405391104672,0,0,0,0,0,0,1440000,0,1024,0,0,Intel,2.0,Intel i3,Intel,1,Intel Graphics
284,Lenovo,IdeaPad 320-17IKBR,Notebook,17.3,8.0,No OS,2.8,6.745236349484363,1,0,0,0,0,0,2073600,0,2048,0,0,Intel,1.8,Intel i7,Nvidia,0,Nvidia GeForce
285,Lenovo,IdeaPad 320-17IKB,Notebook,17.3,6.0,Windows 10,2.8,6.756932389247553,0,0,0,0,0,0,1440000,128,1024,0,0,Intel,2.7,Intel i7,Nvidia,0,Nvidia GeForce
286,Dell,Inspiron 3567,Notebook,15.6,4.0,Linux,2.25,6.061456918928017,1,0,0,0,0,0,2073600,0,1024,0,0,Intel,2.0,Intel i3,AMD,0,AMD Radeon
287,Lenovo,Legion Y520-15IKBN,Gaming,15.6,8.0,Windows 10,2.5,6.721425700790643,1,1,0,0,0,0,2073600,256,0,0,0,Intel,2.5,Intel i5,Nvidia,0,Nvidia GeForce
288,Lenovo,Ideapad 320-15IKBN,Notebook,15.6,6.0,Windows 10,2.2,6.363028103540465,1,0,0,0,0,0,2073600,256,0,0,0,Intel,2.5,Intel i5,Intel,1,Intel Graphics
289,Acer,Aspire A517-51G,Notebook,15.6,8.0,Windows 10,3.0,6.858565034791365,1,1,0,0,0,0,2073600,256,0,0,0,Intel,1.8,Intel i7,Nvidia,0,Nvidia GeForce
290,Acer,SP315-51 (i7-7500U/12GB/1TB/FHD/W10),Notebook,15.6,12.0,Windows 10,2.15,6.492239835020471,1,1,0,1,0,0,2073600,0,1024,0,0,Intel,2.7,Intel i7,Intel,1,Intel Graphics
291,Lenovo,Thinkpad T570,Notebook,15.6,8.0,Windows 10,1.95,7.001245622069476,1,1,0,0,0,0,2073600,256,0,0,0,Intel,2.7,Intel i7,Intel,1,Intel Graphics
292,Asus,VivoBook S15,Ultrabook,15.6,8.0,Windows 10,1.7,6.885509670034818,1,0,0,0,0,0,2073600,256,0,0,0,Intel,2.5,Intel i5,Nvidia,0,Nvidia GeForce
293,Lenovo,Legion Y520-15IKBN,Gaming,15.6,16.0,Windows 10,2.5,7.07326971745971,1,1,0,0,0,0,2073600,256,1024,0,0,Intel,2.8,Intel i7,Nvidia,0,Nvidia GeForce
294,Lenovo,IdeaPad 320-15IKB,Notebook,15.6,8.0,No OS,2.2,6.49225498642084,1,0,0,0,0,0,2073600,0,1024,0,0,Intel,2.7,Intel i7,Nvidia,0,Nvidia GeForce
295,Acer,Chromebook C910-C2ST,Notebook,15.6,2.0,Chrome OS,2.19,5.298317366548036,0,0,0,0,0,0,1049088,16,0,0,0,Intel,1.5,Intel Celeron,Intel,1,Intel Graphics
296,Asus,FX753VD-GC071T (i7-7700HQ/8GB/1TB/GeForce,Gaming,17.3,8.0,Windows 10,3.0,7.080026499922591,1,0,0,0,0,0,2073600,0,1024,0,0,Intel,2.8,Intel i7,Nvidia,0,Nvidia GeForce
297,HP,17-BS037cl (i3-6006U/8GB/1TB/W10),Notebook,17.3,8.0,Windows 10,2.54,6.194405391104672,0,0,0,0,0,0,1440000,0,1024,0,0,Intel,2.0,Intel i3,Intel,1,Intel Graphics
298,Dell,XPS 15,Notebook,15.6,8.0,Windows 10,2.0,7.512071245835466,1,0,0,0,0,0,2073600,256,0,0,0,Intel,2.8,Intel i7,Nvidia,0,Nvidia GeForce
299,Lenovo,V330-15IKB (i5-8250U/8GB/256GB/FHD/W10),Notebook,15.6,8.0,Windows 10,2.05,6.606650186198215,1,0,0,0,0,0,2073600,256,0,0,0,Intel,1.6,Intel i5,Intel,1,Intel Graphics
300,Lenovo,Legion Y720-15IKB,Gaming,15.6,8.0,Windows 10,3.2,7.170119543449628,1,1,0,0,0,0,2073600,0,1024,0,0,Intel,2.8,Intel i7,Nvidia,0,Nvidia GeForce
301,Acer,Aspire A715-71G,Notebook,15.6,8.0,Linux,2.5,6.887552571664617,1,0,0,0,0,0,2073600,256,0,0,0,Intel,2.8,Intel i7,Nvidia,0,Nvidia GeForce
302,Dell,Precision 7720,Workstation,17.3,16.0,Windows 10,3.42,7.967578228108656,1,0,0,0,0,0,2073600,256,0,0,0,Intel,2.9,Intel i7,Nvidia,0,Nvidia Quadro
303,Lenovo,IdeaPad 310-15ABR,Notebook,15.6,6.0,Windows 10,2.4,6.214608098422191,1,0,0,0,0,0,2073600,0,1024,0,0,AMD,2.4,AMD A-Series,AMD,0,AMD Radeon
304,Asus,ZenBook UX530UQ-PRO,Ultrabook,15.6,16.0,Windows 10,1.63,7.292337176173877,1,0,0,0,0,0,2073600,512,0,0,0,Intel,2.7,Intel i7,Nvidia,0,Nvidia GeForce
305,Asus,VivoBook S14,Notebook,14.0,4.0,Windows 10,1.3,6.234410725718371,0,0,0,0,0,0,1049088,128,0,0,0,Intel,2.4,Intel i3,Intel,1,Intel Graphics
306,Asus,Rog GL702VS-GC095T,Gaming,17.3,16.0,Windows 10,2.9,7.660585461703256,1,0,0,0,0,0,2073600,256,1024,0,0,Intel,2.8,Intel i7,Nvidia,0,Nvidia GeForce
307,Lenovo,IdeaPad 320-17IKB,Notebook,17.3,6.0,Windows 10,2.8,6.476972362889683,0,0,0,0,0,0,1440000,0,1024,0,0,Intel,2.5,Intel i5,Nvidia,0,Nvidia GeForce
308,Lenovo,IdeaPad 320-15IKBN,Notebook,15.6,8.0,No OS,2.2,6.309918278226516,0,0,0,0,0,0,1049088,0,2048,0,0,Intel,2.5,Intel i5,Nvidia,0,Nvidia GeForce
309,Asus,GL553VE-FY082T (i7-7700HQ/8GB/1TB,Gaming,15.6,8.0,Windows 10,2.5,7.143617602704121,1,0,0,0,0,0,2073600,128,1024,0,0,Intel,2.8,Intel i7,Nvidia,0,Nvidia GeForce
310,Lenovo,IdeaPad 320-15IAP,Notebook,15.6,4.0,No OS,2.2,5.888850257118181,0,0,0,0,0,0,1049088,0,1024,0,0,Intel,1.1,Intel Pentium,Intel,1,Intel Graphics
311,HP,EliteBook x360,2 in 1 Convertible,13.3,16.0,Windows 10,1.28,7.588829878307813,1,0,0,1,0,0,2073600,256,0,0,0,Intel,2.8,Intel i7,Intel,1,Intel Graphics
312,Toshiba,Satellite Pro,Notebook,15.6,8.0,Windows 10,2.2,6.950814768442584,1,1,0,0,0,0,2073600,256,0,0,0,Intel,2.5,Intel i7,Nvidia,0,Nvidia GeForce
313,Lenovo,IdeaPad 320-15IKB,Notebook,15.6,8.0,Windows 10,2.3,6.709304340258298,1,0,0,0,0,0,2073600,128,1024,0,0,Intel,2.5,Intel i5,Nvidia,0,Nvidia GeForce
314,HP,250 G6,Notebook,15.6,4.0,Windows 10,1.86,6.152732694704104,1,0,0,0,0,0,2073600,0,1024,0,0,Intel,2.0,Intel i3,Intel,1,Intel Graphics
315,Lenovo,IdeaPad 720S-13IKB,Notebook,13.3,8.0,Windows 10,1.1,6.907755278982137,1,1,0,0,0,0,2073600,256,0,0,0,Intel,2.5,Intel i5,Intel,1,Intel Graphics
316,Dell,XPS 13,Ultrabook,13.3,16.0,Windows 10,1.21,7.824046010856292,0,1,0,1,0,1,8294400,1024,0,0,0,Intel,1.8,Intel i7,Intel,1,Intel Graphics
317,MSI,GE63VR 7RF,Gaming,15.6,16.0,Windows 10,2.8,7.649692623711514,1,1,0,0,0,0,2073600,256,1024,0,0,Intel,2.8,Intel i7,Nvidia,0,Nvidia GeForce
318,Acer,ES1-523-84K7 (A8-7410/8GB/256GB/FHD/W10),Notebook,15.6,8.0,Windows 10,2.23,6.152732694704104,1,0,0,0,0,0,2073600,256,0,0,0,AMD,2.2,AMD A-Series,AMD,0,AMD Radeon
319,Asus,VivoBook Flip,2 in 1 Convertible,11.6,2.0,Windows 10,1.1,5.62040086571715,0,0,0,1,0,0,1049088,0,0,32,0,Intel,1.1,Intel Celeron,Intel,1,Intel Graphics
320,Dell,Inspiron 5570,Notebook,15.6,8.0,Windows 10,2.33,6.739336627357174,1,0,0,0,0,0,2073600,128,1024,0,0,Intel,1.6,Intel i5,AMD,0,AMD Radeon
321,HP,Spectre x360,2 in 1 Convertible,13.3,16.0,Windows 10,1.29,7.803843303538772,0,1,0,1,0,1,8294400,1024,0,0,0,Intel,1.8,Intel i7,Intel,1,Intel Graphics
322,Lenovo,ThinkPad 13,Notebook,13.3,4.0,Chrome OS,1.45,6.133181099726462,0,0,0,0,0,0,1049088,0,0,16,0,Intel,1.6,Intel Celeron,Intel,1,Intel Graphics
323,HP,ProBook 640,Notebook,14.0,8.0,Windows 10,1.95,6.8885724595653635,1,0,0,0,0,0,2073600,256,0,0,0,Intel,2.5,Intel i5,Intel,1,Intel Graphics
324,Acer,TravelMate B,Notebook,11.6,4.0,Windows 10,1.4,6.186208623900494,0,0,0,0,0,0,1049088,0,0,128,0,Intel,1.6,Intel Pentium,Intel,1,Intel Graphics
325,HP,Elitebook 840,Notebook,14.0,8.0,Windows 10,1.48,7.164720378771857,1,0,0,0,0,0,2073600,256,0,0,0,Intel,2.7,Intel i7,Intel,1,Intel Graphics
326,Lenovo,IdeaPad 320-17IKB,Notebook,17.3,4.0,Windows 10,2.79,6.380122536899765,0,0,0,0,0,0,1440000,0,1024,0,0,Intel,2.5,Intel i5,Nvidia,0,Nvidia GeForce
327,Asus,ZenBook UX410UA-GV183T,Notebook,14.0,8.0,Windows 10,2.0,6.9985096422506015,1,0,0,0,0,0,2073600,256,0,0,0,Intel,2.7,Intel i7,Intel,1,Intel Graphics
329,HP,ProBook 450,Notebook,15.6,8.0,Windows 10,2.1,6.805722553416985,1,1,0,0,0,0,1049088,0,1024,0,0,Intel,1.8,Intel i7,Intel,1,Intel Graphics
330,Acer,Aspire 5,Notebook,15.6,8.0,Windows 10,2.2,6.492239835020471,0,0,0,0,0,0,1049088,256,0,0,0,AMD,2.7,AMD Other,AMD,0,AMD Radeon
331,Lenovo,IdeaPad 120S-14IAP,Notebook,14.0,4.0,Windows 10,1.44,5.680172609017068,0,0,0,0,0,0,1049088,0,0,32,0,Intel,1.1,Intel Celeron,Intel,1,Intel Graphics
332,Acer,Aspire E5-575,Notebook,15.6,6.0,Windows 10,2.23,6.309918278226516,0,0,0,0,0,0,1049088,0,1024,0,0,Intel,2.5,Intel i5,Intel,1,Intel Graphics
333,Asus,VivoBook S15,Ultrabook,15.6,8.0,Windows 10,1.7,6.957402218871551,1,0,0,0,0,0,2073600,256,0,0,0,Intel,2.7,Intel i7,Nvidia,0,Nvidia GeForce
334,HP,Elitebook 820,Ultrabook,12.5,8.0,Windows 10,1.26,7.197435354096591,1,0,0,0,0,0,2073600,256,0,0,0,Intel,2.7,Intel i7,Intel,1,Intel Graphics
335,Dell,XPS 15,Notebook,15.6,32.0,Windows 10,2.06,7.878534196140362,0,0,0,1,0,1,8294400,1024,0,0,0,Intel,2.8,Intel i7,Nvidia,0,Nvidia GeForce
336,MSI,GL72M 7REX,Gaming,17.3,8.0,Windows 10,2.7,7.090076835776092,1,0,0,0,0,0,2073600,256,1024,0,0,Intel,2.8,Intel i7,Nvidia,0,Nvidia GeForce
337,Toshiba,Satellite Pro,Notebook,15.6,8.0,Windows 10,2.0,6.8501261661455,1,1,0,0,0,0,2073600,256,0,0,0,Intel,2.5,Intel i5,Intel,1,Intel Graphics
338,Asus,UX510UX-CN269T (i7-7500U/8GB/256GB,Notebook,14.0,8.0,Windows 10,2.0,7.19668657083435,1,0,0,0,0,0,2073600,256,1024,0,0,Intel,2.7,Intel i7,Intel,1,Intel Graphics
339,Lenovo,V310-15ISK (i3-6006U/4GB/1TB/FHD/W10),Notebook,15.6,4.0,Windows 10,1.85,6.1092475827643655,1,0,0,0,0,0,2073600,0,1024,0,0,Intel,2.0,Intel i3,Intel,1,Intel Graphics
340,Asus,FX553VD-FY647T (i7-7700HQ/8GB/256GB/GeForce,Gaming,15.6,8.0,Windows 10,2.5,6.907755278982137,1,0,0,0,0,0,2073600,256,0,0,0,Intel,2.8,Intel i7,Nvidia,0,Nvidia GeForce
341,HP,EliteBook 840,Notebook,14.0,8.0,Windows 10,1.48,7.1459844677143876,1,0,0,0,0,0,2073600,256,0,0,0,Intel,2.6,Intel i5,Intel,1,Intel Graphics
342,Dell,Inspiron 7570,Ultrabook,15.6,8.0,Windows 10,1.9,6.956545443151569,1,1,0,0,0,0,2073600,128,1024,0,0,Intel,1.6,Intel i5,Nvidia,0,Nvidia GeForce
343,HP,Elitebook 850,Notebook,15.6,8.0,Windows 10,1.84,7.0431599159883405,1,0,0,0,0,0,2073600,256,0,0,0,Intel,2.5,Intel i5,Intel,1,Intel Graphics
344,Asus,X541NA (N3350/4GB/1TB/Linux),Notebook,15.6,4.0,Linux,2.0,5.620364633176702,0,0,0,0,0,0,1049088,0,1024,0,0,Intel,1.1,Intel Celeron,Intel,1,Intel Graphics
345,Dell,Inspiron 7570,Notebook,15.6,8.0,Windows 10,2.0,7.042067616589731,1,0,0,0,0,0,2073600,256,0,0,0,Intel,1.6,Intel i5,Nvidia,0,Nvidia GeForce
346,Dell,Inspiron 3552,Notebook,15.6,4.0,Linux,2.2,5.62003848122324,0,0,0,0,0,0,1049088,0,500,0,0,Intel,1.6,Intel Celeron,Intel,1,Intel Graphics
347,Lenovo,IdeaPad 320-15ABR,Notebook,15.6,12.0,Windows 10,2.2,6.802394763324311,1,0,0,0,0,0,2073600,0,2048,0,0,AMD,3.6,AMD Other,AMD,0,AMD Radeon
348,HP,ProBook 450,Notebook,15.6,8.0,Windows 10,2.1,6.57507584059962,1,1,0,0,0,0,2073600,0,1024,0,0,Intel,2.4,Intel i3,Nvidia,0,Nvidia GeForce
349,Lenovo,Yoga 920-13IKB,2 in 1 Convertible,13.9,16.0,Windows 10,1.4,7.649692623711514,0,1,0,1,0,1,8294400,512,0,0,0,Intel,1.8,Intel i7,Intel,1,Intel Graphics
350,Dell,XPS 13,Ultrabook,13.3,8.0,Windows 10,1.2,7.365180126021013,1,0,0,0,0,0,2073600,256,0,0,0,Intel,1.8,Intel i7,Intel,1,Intel Graphics
351,Lenovo,Legion Y520-15IKBN,Gaming,15.6,16.0,Windows 10,2.4,7.029972911706386,1,1,0,0,0,0,2073600,256,2048,0,0,Intel,2.8,Intel i7,Nvidia,0,Nvidia GeForce
352,HP,Stream 14-AX001nv,Notebook,14.0,2.0,Windows 10,1.44,5.634789603169249,0,0,0,0,0,0,1049088,0,0,32,0,Intel,1.6,Intel Celeron,Intel,1,Intel Graphics
353,Dell,Latitude 5590,Ultrabook,15.6,16.0,Windows 10,1.88,7.383343286521773,1,0,0,0,0,0,2073600,768,0,0,0,Intel,1.9,Intel i7,Intel,1,Intel Graphics
354,Asus,VivoBook Flip,2 in 1 Convertible,11.6,4.0,Windows 10,1.5,5.929589143389895,0,0,0,1,0,0,1049088,0,0,32,0,Intel,1.1,Intel Celeron,Intel,1,Intel Graphics
355,Dell,Inspiron 5570,Ultrabook,15.6,8.0,Windows 10,1.9,6.498282149476434,1,0,0,0,0,0,2073600,0,1024,0,0,Intel,1.6,Intel i5,AMD,0,AMD Radeon
356,Dell,XPS 15,Notebook,15.6,16.0,Windows 10,2.06,7.615012443860422,0,0,0,1,0,1,8294400,512,0,0,0,Intel,2.8,Intel i7,Nvidia,0,Nvidia GeForce
357,HP,Elitebook 850,Notebook,15.6,8.0,Windows 10,1.84,7.173958319756794,1,0,0,0,0,0,2073600,256,0,0,0,Intel,2.7,Intel i7,Intel,1,Intel Graphics
358,MSI,GP72MVR 7RFX,Gaming,17.3,8.0,Windows 10,2.7,7.251344983372214,1,0,0,0,0,0,2073600,128,1024,0,0,Intel,2.8,Intel i7,Nvidia,0,Nvidia GeForce
359,HP,Zbook 15,Workstation,15.6,8.0,Windows 10,2.6,7.461220763947065,1,0,0,0,0,0,2073600,256,0,0,0,Intel,2.8,Intel i7,Nvidia,0,Nvidia Quadro
360,Toshiba,Tecra A50-C-21G,Notebook,15.6,16.0,Windows 10,2.4,7.247080584585756,1,1,0,0,0,0,2073600,512,0,0,0,Intel,2.5,Intel i7,Nvidia,0,Nvidia GeForce
361,Dell,Inspiron 5570,Notebook,15.6,8.0,Windows 10,2.02,6.879252918509425,1,0,0,0,0,0,2073600,128,2048,0,0,Intel,1.8,Intel i7,AMD,0,AMD Radeon
362,Lenovo,IdeaPad 320-15IAP,Notebook,15.6,4.0,No OS,2.2,5.777621362991072,0,0,0,0,0,0,1049088,0,1024,0,0,Intel,1.1,Intel Celeron,Intel,1,Intel Graphics
363,Dell,Inspiron 7577,Gaming,15.6,8.0,Windows 10,2.65,6.907755278982137,1,0,0,0,0,0,2073600,0,1024,0,0,Intel,2.5,Intel i5,Nvidia,0,Nvidia GeForce
364,Dell,Inspiron 3567,Notebook,15.6,8.0,Windows 10,2.36,6.32502182507656,0,0,0,1,0,0,1049088,0,2048,0,0,Intel,2.5,Intel i5,Intel,1,Intel Graphics
365,Dell,Latitude 7480,Notebook,14.0,8.0,Windows 10,1.36,7.2640301428995295,1,0,0,0,0,0,2073600,256,0,0,0,Intel,2.6,Intel i5,Intel,1,Intel Graphics
366,HP,250 G6,Notebook,15.6,4.0,Windows 10,1.86,6.0867747269123065,0,0,0,0,0,0,1049088,0,500,0,0,Intel,2.0,Intel i3,Intel,1,Intel Graphics
367,Asus,Zenbook UX410UA-GV027T,Notebook,14.0,8.0,Windows 10,2.0,6.852242569051878,1,0,0,0,0,0,2073600,256,0,0,0,Intel,2.5,Intel i5,Intel,1,Intel Graphics
368,Lenovo,IdeaPad 320-17IKB,Notebook,17.3,6.0,Windows 10,2.8,6.579251212010101,0,0,0,0,0,0,1440000,128,1024,0,0,Intel,2.5,Intel i5,Nvidia,0,Nvidia GeForce
369,HP,250 G6,Notebook,15.6,8.0,Windows 10,1.86,6.461468176353717,1,0,0,0,0,0,2073600,0,1024,0,0,Intel,2.5,Intel i5,Intel,1,Intel Graphics
370,Lenovo,IdeaPad 320-15ISK,Notebook,15.6,8.0,No OS,2.2,6.214608098422191,0,0,0,0,0,0,1049088,256,0,0,0,Intel,2.0,Intel i3,Nvidia,0,Nvidia GeForce
371,HP,15-AY023na (N3710/8GB/2TB/W10),Notebook,15.6,8.0,Windows 10,2.04,5.966146739123692,0,0,0,0,0,0,1049088,0,2048,0,0,Intel,1.6,Intel Pentium,Intel,1,Intel Graphics
372,Dell,Inspiron 5770,Notebook,17.3,8.0,Windows 10,2.8,6.990256500493881,1,0,0,0,0,0,2073600,128,1024,0,0,Intel,1.6,Intel i5,AMD,0,AMD Radeon
373,Lenovo,Legion Y520-15IKBN,Gaming,15.6,8.0,No OS,2.4,6.697034247666484,1,1,0,0,0,0,2073600,128,1024,0,0,Intel,2.5,Intel i5,Nvidia,0,Nvidia GeForce
374,Dell,Inspiron 5567,Notebook,15.6,8.0,Windows 10,2.33,6.802394763324311,1,0,0,0,0,0,2073600,256,0,0,0,Intel,2.7,Intel i7,AMD,0,AMD Radeon
375,HP,Elitebook 1040,Ultrabook,14.0,8.0,Windows 10,1.36,7.467942332285852,1,1,0,0,0,0,2073600,256,0,0,0,Intel,2.7,Intel i7,Intel,1,Intel Graphics
376,Asus,ZenBook Flip,2 in 1 Convertible,15.6,12.0,Windows 10,2.26,7.003065458786462,1,0,0,1,0,0,2073600,512,2048,0,0,Intel,2.7,Intel i7,Nvidia,0,Nvidia GeForce
377,Acer,Aspire 3,Notebook,15.6,4.0,Windows 10,2.1,6.056784013228625,0,0,0,0,0,0,1049088,128,0,0,0,AMD,3.0,AMD A-Series,AMD,0,AMD Radeon
378,Asus,Rog Strix,Gaming,17.3,16.0,Windows 10,3.25,7.696212639346407,1,1,0,0,0,0,2073600,256,1024,0,0,AMD,3.0,AMD Ryzen,AMD,0,AMD Radeon
379,Lenovo,IdeaPad 110-17ACL,Notebook,17.3,4.0,Windows 10,2.6,6.194405391104672,0,0,0,0,0,0,1440000,128,0,0,0,AMD,2.2,AMD A-Series,AMD,0,AMD Radeon
380,Dell,Inspiron 5379,2 in 1 Convertible,13.3,8.0,Windows 10,1.62,6.768504705835444,1,0,0,1,0,0,2073600,256,0,0,0,Intel,1.8,Intel i7,Intel,1,Intel Graphics
381,HP,15-bw003nv (A9-Series-9420/4GB/256GB/FHD/W10),Notebook,15.6,4.0,Windows 10,1.91,6.194384982733157,1,0,0,0,0,0,2073600,256,0,0,0,AMD,3.0,AMD A-Series,AMD,0,AMD Radeon
382,Lenovo,Yoga 11e,Netbook,11.6,4.0,Windows 10,1.59,6.317164686747284,0,1,0,0,0,0,1049088,128,0,0,0,Intel,1.1,Intel Celeron,Intel,1,Intel Graphics
383,Dell,Inspiron 3552,Notebook,15.6,4.0,Windows 10,1.8,5.736572297479192,0,0,0,0,0,0,1049088,0,500,0,0,Intel,1.6,Intel Celeron,Intel,1,Intel Graphics
384,Asus,VivoBook E403NA,Notebook,14.0,4.0,Windows 10,1.5,5.659482215759621,0,0,0,0,0,0,1049088,0,0,32,0,Intel,1.1,Intel Celeron,Intel,1,Intel Graphics
385,Acer,Aspire 7,Notebook,15.6,8.0,Linux,2.4,6.741700694652055,1,0,0,0,0,0,2073600,0,1024,0,0,Intel,2.8,Intel i7,Nvidia,0,Nvidia GeForce
386,HP,Omen 17-w212nv,Gaming,17.3,8.0,Windows 10,3.35,7.083387847625295,1,1,0,0,0,0,2073600,128,1024,0,0,Intel,2.8,Intel i7,Nvidia,0,Nvidia GeForce
387,Lenovo,V310-15ISK (i3-6006U/4GB/128GB/FHD/No,Notebook,15.6,4.0,No OS,1.85,6.002651736498547,1,0,0,0,0,0,2073600,128,0,0,0,Intel,2.0,Intel i3,Intel,1,Intel Graphics
388,Asus,ROG Strix,Gaming,15.6,8.0,Windows 10,2.3,7.412160334945205,1,1,0,0,0,0,2073600,128,1024,0,0,Intel,2.8,Intel i7,Nvidia,0,Nvidia GeForce
389,Lenovo,IdeaPad 720S-14IKB,Notebook,14.0,8.0,Windows 10,1.5,7.003065458786462,1,1,0,0,0,0,2073600,256,0,0,0,Intel,2.5,Intel i5,Nvidia,0,Nvidia GeForce
390,Asus,Zenbook Flip,Ultrabook,13.3,16.0,Windows 10,1.1,7.467313922427702,1,0,0,1,0,0,2073600,512,0,0,0,Intel,2.7,Intel i7,Intel,1,Intel Graphics
391,Lenovo,Thinkpad X1,Ultrabook,14.0,8.0,Windows 10,1.13,7.733245646529795,0,1,0,0,0,0,3686400,512,0,0,0,Intel,2.7,Intel i7,Intel,1,Intel Graphics
392,Lenovo,Ideapad 510S-13IKB,Notebook,13.3,4.0,Windows 10,1.5,6.309918278226516,1,1,0,0,0,0,2073600,128,0,0,0,Intel,2.4,Intel i3,Intel,1,Intel Graphics
393,Dell,Precision 3510,Workstation,15.6,8.0,Windows 10,2.23,7.222566018822171,1,0,0,0,0,0,2073600,0,500,0,0,Intel,2.6,Intel i5,AMD,0,AMD Graphics
394,Dell,Precision 5520,Workstation,15.6,8.0,Windows 10,2.0,7.666690200080086,1,1,0,0,0,0,2073600,256,0,0,0,Intel,2.7,Intel i7,Nvidia,0,Nvidia Quadro
395,Lenovo,ThinkPad X1,2 in 1 Convertible,14.0,16.0,Windows 10,1.42,7.828038032125829,0,0,0,1,0,0,3686400,512,0,0,0,Intel,2.7,Intel i7,Intel,1,Intel Graphics
396,Asus,Rog GL753VD-GC042T,Gaming,17.3,8.0,Windows 10,3.0,6.946975992135418,1,0,0,0,0,0,2073600,0,1024,0,0,Intel,2.8,Intel i7,Nvidia,0,Nvidia GeForce
397,Asus,Rog GL753VE-GC070T,Gaming,17.3,16.0,Windows 10,3.0,7.3727463664043285,1,0,0,0,0,0,2073600,256,1024,0,0,Intel,2.8,Intel i7,Nvidia,0,Nvidia GeForce
399,Acer,Aspire 5,Notebook,15.6,12.0,Windows 10,2.2,6.5438974569720685,0,1,0,0,0,0,1049088,0,1024,0,0,Intel,1.6,Intel i5,Nvidia,0,Nvidia GeForce
400,MSI,Leopard GP72M,Gaming,17.3,8.0,Windows 10,2.7,7.2078598714324755,1,0,0,0,0,0,2073600,256,0,0,0,Intel,2.8,Intel i7,Nvidia,0,Nvidia GeForce
401,Dell,Inspiron 5567,Notebook,15.6,8.0,Linux,2.33,6.659127239126539,1,0,0,0,0,0,2073600,256,0,0,0,Intel,2.7,Intel i7,AMD,0,AMD Radeon
402,HP,15-BW004nv (A9-9420/4GB/256GB/Radeon,Ultrabook,15.6,4.0,Windows 10,1.91,6.214608098422191,1,0,0,0,0,0,2073600,256,0,0,0,AMD,3.0,AMD A-Series,AMD,0,AMD Radeon
403,Lenovo,ThinkPad E580,Notebook,15.6,8.0,Windows 10,2.1,7.115224629308743,1,1,0,0,0,0,2073600,256,0,0,0,Intel,1.8,Intel i7,AMD,0,AMD Radeon
404,Lenovo,ThinkPad L470,Notebook,14.0,8.0,Windows 10,1.9,6.844815479208263,1,1,0,0,0,0,2073600,256,0,0,0,Intel,2.5,Intel i5,Intel,1,Intel Graphics
405,Dell,Precision M5520,Workstation,15.6,8.0,Windows 10,1.78,7.905810312658931,0,0,0,1,0,1,8294400,256,0,0,0,Intel,2.8,Intel i7,Nvidia,0,Nvidia Quadro
406,Lenovo,Thinkpad X1,Ultrabook,14.0,16.0,Windows 10,1.13,7.873217054862741,0,1,0,0,0,0,3686400,1024,0,0,0,Intel,2.7,Intel i7,Intel,1,Intel Graphics
407,Lenovo,IdeaPad 320-15IAP,Notebook,15.6,4.0,Windows 10,2.2,5.726847747587197,0,0,0,0,0,0,1049088,0,1024,0,0,Intel,1.1,Intel Celeron,Intel,1,Intel Graphics
408,Asus,FX753VD-GC461T (i7-7700HQ/16GB/1TB,Gaming,17.3,16.0,Windows 10,2.9,7.333023014386481,1,0,0,0,0,0,2073600,256,1024,0,0,Intel,2.8,Intel i7,Nvidia,0,Nvidia GeForce
409,Lenovo,ThinkPad E580,Notebook,15.6,8.0,Windows 10,2.1,7.04359650189355,1,1,0,0,0,0,2073600,256,1024,0,0,Intel,1.6,Intel i5,AMD,0,AMD Radeon
410,Acer,Aspire 7,Notebook,15.6,8.0,Linux,2.5,6.779921907472252,1,0,0,0,0,0,2073600,256,0,0,0,Intel,2.8,Intel i7,Nvidia,0,Nvidia GeForce
411,MSI,GE73VR 7RF,Gaming,17.3,16.0,Windows 10,2.8,7.718685495198466,1,0,0,0,0,0,2073600,256,1024,0,0,Intel,2.8,Intel i7,Nvidia,0,Nvidia GeForce
412,Asus,Zenbook 3,Ultrabook,14.0,8.0,Windows 10,1.1,7.535830462798367,1,0,0,0,0,0,2073600,512,0,0,0,Intel,2.7,Intel i7,Intel,1,Intel Graphics
413,Toshiba,Portege Z30-C-16P,Ultrabook,13.3,16.0,Windows 10,1.2,7.466227556215481,1,0,0,0,0,0,2073600,512,0,0,0,Intel,2.5,Intel i7,Intel,1,Intel Graphics
414,Dell,Latitude 7480,Ultrabook,14.0,8.0,Windows 10,1.36,7.427144133408616,1,0,0,0,0,0,2073600,512,0,0,0,Intel,2.8,Intel i7,Intel,1,Intel Graphics
415,Lenovo,IdeaPad 320-15ISK,Notebook,15.6,4.0,Windows 10,2.2,6.016157159698354,1,0,0,0,0,0,2073600,0,500,0,0,Intel,2.0,Intel i3,Intel,1,Intel Graphics
416,Lenovo,Lenovo IdeaPad,Notebook,11.6,2.0,Windows 10,1.15,5.721786099095776,0,0,0,0,0,0,1049088,0,0,32,0,Intel,1.1,Intel Celeron,Intel,1,Intel Graphics
417,Lenovo,ThinkPad P51,Workstation,15.6,8.0,Windows 10,2.67,7.563200592358071,1,0,0,0,0,0,2073600,512,0,0,0,Intel,2.8,Intel i7,Nvidia,0,Nvidia Quadro
418,Lenovo,Thinkpad T470p,Ultrabook,14.0,8.0,Windows 10,1.7,7.572502985020384,1,1,0,0,0,0,3686400,512,0,0,0,Intel,2.8,Intel i7,Nvidia,0,Nvidia GeForce
419,HP,15-BS028nv (i3-6006U/4GB/1TB/Radeon,Notebook,15.6,4.0,Windows 10,2.1,6.152732694704104,1,0,0,0,0,0,2073600,0,1024,0,0,Intel,2.0,Intel i3,AMD,0,AMD Radeon
420,Acer,Aspire R7,2 in 1 Convertible,13.3,8.0,Windows 10,1.6,6.672045603608801,1,1,0,1,0,0,2073600,256,0,0,0,Intel,2.5,Intel i7,Intel,1,Intel Graphics
421,Asus,ZenBook Flip,2 in 1 Convertible,13.3,8.0,Windows 10,1.27,6.834108738813838,1,1,0,1,0,0,2073600,256,0,0,0,Intel,2.5,Intel i5,Intel,1,Intel Graphics
422,Dell,Inspiron 3567,Notebook,15.6,4.0,Linux,2.3,6.3967629746590475,1,0,0,0,0,0,2073600,256,0,0,0,Intel,2.5,Intel i5,AMD,0,AMD Radeon
423,Dell,Latitude 3380,Notebook,13.3,4.0,Windows 10,1.65,6.536691597591305,0,0,0,0,0,0,1049088,128,0,0,0,Intel,2.0,Intel i3,Intel,1,Intel Graphics
424,HP,EliteBook 1040,Ultrabook,14.0,8.0,Windows 10,1.43,7.313886831633462,1,0,0,0,0,0,2073600,256,0,0,0,Intel,2.5,Intel i7,Intel,1,Intel Graphics
425,Dell,Inspiron 3567,Notebook,15.6,8.0,Windows 10,2.14,6.293326853133583,0,0,0,0,0,0,1049088,0,1024,0,0,Intel,2.5,Intel i5,Intel,1,Intel Graphics
426,Lenovo,ThinkPad E480,Ultrabook,14.0,8.0,Windows 10,1.75,7.103634513708157,1,1,0,0,0,0,2073600,256,0,0,0,Intel,1.8,Intel i7,AMD,0,AMD Radeon
427,Lenovo,Yoga 720-15IKB,2 in 1 Convertible,15.6,16.0,Windows 10,2.0,7.549609165154532,0,1,0,1,0,1,8294400,512,0,0,0,Intel,2.8,Intel i7,Nvidia,0,Nvidia GeForce
428,Chuwi,LapBook 12.3,Notebook,12.3,6.0,Windows 10,1.4,6.1092475827643655,0,1,1,0,0,0,4990464,0,0,64,0,Intel,1.1,Intel Celeron,Intel,1,Intel Graphics
429,HP,ProBook 650,Notebook,15.6,8.0,Windows 10,2.31,7.2640301428995295,1,0,0,0,0,0,2073600,256,0,0,0,Intel,2.9,Intel i7,Intel,1,Intel Graphics
430,Asus,X542UQ-DM117 (i3-7100U/8GB/1TB/GeForce,Notebook,15.6,8.0,Linux,2.3,6.393590753950631,1,0,0,0,0,0,2073600,0,1024,0,0,Intel,2.4,Intel i3,Nvidia,0,Nvidia GeForce
431,Dell,Alienware 17,Gaming,17.3,16.0,Windows 10,4.42,7.937374696163295,0,1,0,0,0,0,3686400,256,1024,0,0,Intel,2.9,Intel i7,Nvidia,0,Nvidia GeForce
432,Dell,Inspiron 7577,Gaming,15.6,8.0,Windows 10,2.62,7.05617528410041,1,1,0,0,0,0,2073600,128,1024,0,0,Intel,2.8,Intel i7,Nvidia,0,Nvidia GeForce
433,Dell,Inspiron 5570,Notebook,15.6,8.0,Windows 10,2.02,7.041761558829871,1,0,0,0,0,0,2073600,256,2048,0,0,Intel,1.8,Intel i7,AMD,0,AMD Radeon
434,Dell,Latitude 5480,Ultrabook,14.0,8.0,Linux,1.6,7.003065458786462,1,0,0,0,0,0,2073600,256,0,0,0,Intel,2.8,Intel i7,Intel,1,Intel Graphics
435,HP,Omen 17-w207nv,Gaming,17.3,12.0,Windows 10,3.35,7.600902459542082,1,0,0,0,0,0,2073600,256,1024,0,0,Intel,2.8,Intel i7,Nvidia,0,Nvidia GeForce
436,Mediacom,FlexBook Edge,2 in 1 Convertible,11.6,4.0,Windows 10,1.16,5.703782474656201,1,1,0,1,0,0,2073600,32,0,0,0,Intel,1.1,Intel Celeron,Intel,1,Intel Graphics
437,Samsung,Chromebook 3,Netbook,11.6,4.0,Chrome OS,1.15,5.598421958998375,0,0,0,0,0,0,1049088,0,0,16,0,Intel,1.6,Intel Celeron,Intel,1,Intel Graphics
438,Lenovo,Thinkpad 13,Notebook,13.3,8.0,Windows 10,1.4,6.918695219020472,1,1,0,0,0,0,2073600,256,0,0,0,Intel,2.7,Intel i7,Intel,1,Intel Graphics
439,Lenovo,IdeaPad 320s-14IKB,Notebook,14.0,4.0,Windows 10,1.7,6.396929655216146,1,1,0,0,0,0,2073600,128,0,0,0,Intel,2.7,Intel i3,Intel,1,Intel Graphics
440,Lenovo,Thinkpad T570,Workstation,15.6,16.0,Windows 10,2.3,7.802209316247118,0,1,0,0,0,1,8294400,512,0,0,0,Intel,2.8,Intel i7,Nvidia,0,Nvidia GeForce
441,Lenovo,Thinkpad P51,Notebook,15.6,16.0,Windows 10,2.5,7.803843303538772,1,0,0,0,0,0,2073600,512,0,0,0,Intel,2.9,Intel i7,Nvidia,0,Nvidia Quadro
442,Asus,Rog Strix,Gaming,17.3,8.0,Windows 10,3.2,7.4360278163518485,1,0,0,0,0,0,2073600,256,1024,0,0,AMD,3.2,AMD Ryzen,AMD,0,AMD Radeon
443,HP,15-ra044nv (N3060/4GB/500GB/W10),Notebook,15.6,4.0,Windows 10,2.1,5.8522024797744745,0,0,0,0,0,0,1049088,0,500,0,0,Intel,1.6,Intel Celeron,Intel,1,Intel Graphics
444,Google,Pixelbook (Core,Ultrabook,12.3,16.0,Chrome OS,1.1,7.696212639346407,0,0,0,1,0,0,3840000,512,0,0,0,Intel,1.3,Intel i7,Intel,1,Intel Graphics
445,Lenovo,ThinkPad T470s,Ultrabook,14.0,24.0,Windows 10,1.32,7.776115477098742,0,0,0,0,0,0,3686400,512,0,0,0,Intel,2.7,Intel i7,Intel,1,Intel Graphics
446,Asus,VivoBook Max,Notebook,15.6,4.0,Linux,2.0,6.327936783729195,1,0,0,0,0,0,2073600,256,0,0,0,Intel,2.5,Intel i5,Intel,1,Intel Graphics
447,Lenovo,IdeaPad 320-15AST,Notebook,17.3,8.0,Windows 10,2.8,6.253828811575473,0,0,0,0,0,0,1440000,0,1024,0,0,AMD,2.5,AMD A-Series,AMD,0,AMD Radeon
448,Dell,Inspiron 5570,Notebook,15.6,4.0,Windows 10,2.2,6.620073206530356,1,0,0,0,0,0,2073600,256,0,0,0,Intel,1.6,Intel i5,AMD,0,AMD Radeon
449,Lenovo,ThinkPad X270,Ultrabook,12.5,8.0,Windows 10,1.36,7.265429723253953,1,1,0,0,0,0,2073600,256,0,0,0,Intel,2.5,Intel i5,Intel,1,Intel Graphics
450,Lenovo,IdeaPad 320-15IAP,Notebook,15.6,4.0,Windows 10,2.2,5.857933154483459,1,0,0,0,0,0,2073600,128,0,0,0,Intel,1.1,Intel Pentium,Intel,1,Intel Graphics
451,HP,Omen 15-AX205na,Gaming,15.6,8.0,Windows 10,2.2,7.003065458786462,1,1,0,0,0,0,2073600,128,1024,0,0,Intel,2.8,Intel i7,Nvidia,0,Nvidia GeForce
452,Dell,Latitude 5480,Notebook,14.0,8.0,Windows 10,1.64,7.07326971745971,1,0,0,0,0,0,2073600,256,0,0,0,Intel,2.8,Intel i5,Nvidia,0,Nvidia GeForce
453,Acer,Aspire ES1-572,Notebook,15.6,4.0,Linux,2.4,6.093118200834482,0,0,0,0,0,0,1049088,0,500,0,0,Intel,2.5,Intel i5,Intel,1,Intel Graphics
454,Dell,Precision 3520,Workstation,15.6,8.0,Windows 10,2.23,7.597897950521784,1,0,0,0,0,0,2073600,0,1024,64,0,Intel,3.0,Intel Other,Nvidia,0,Nvidia Quadro
455,MSI,GV62 7RD-1686NL,Gaming,15.6,8.0,Windows 10,2.2,6.936090031409406,1,0,0,0,0,0,2073600,256,0,0,0,Intel,2.5,Intel i5,Nvidia,0,Nvidia GeForce
456,Microsoft,Surface Laptop,Ultrabook,13.5,16.0,Windows 10 S,1.25,7.859413154693583,0,0,0,1,0,0,3393024,512,0,0,0,Intel,2.5,Intel i7,Intel,1,Intel Graphics
457,HP,15-bs024nv (i5-7200U/8GB/128GB/W10),Notebook,15.6,8.0,Windows 10,1.91,6.380122536899765,0,0,0,0,0,0,1049088,128,0,0,0,Intel,2.5,Intel i5,Intel,1,Intel Graphics
458,Dell,Precision 3520,Workstation,15.6,16.0,Windows 10,2.17,7.588829878307813,1,1,0,0,0,0,2073600,256,0,0,0,Intel,2.7,Intel i7,Nvidia,0,Nvidia Quadro
459,HP,ProBook 650,Workstation,15.6,8.0,Windows 10,2.31,7.336285660021297,1,1,0,0,0,0,2073600,512,0,0,0,Intel,2.9,Intel i7,Intel,1,Intel Graphics
460,Lenovo,ThinkPad T470,Notebook,14.0,8.0,Windows 10,1.65,7.204892510204673,1,0,0,0,0,0,2073600,256,0,0,0,Intel,2.5,Intel i5,Intel,1,Intel Graphics
461,Dell,Inspiron 5570,Notebook,15.6,8.0,Windows 10,2.36,6.887552571664617,1,0,0,0,0,0,2073600,128,1024,0,0,Intel,1.8,Intel i7,AMD,0,AMD Radeon
462,Dell,Inspiron 3168,2 in 1 Convertible,11.6,4.0,Windows 10,1.47,6.173786103901937,0,0,0,1,0,0,1049088,0,500,0,0,Intel,1.6,Intel Pentium,Intel,1,Intel Graphics
463,Dell,Alienware 17,Notebook,17.3,8.0,Windows 10,4.42,7.624130585661289,1,1,0,0,0,0,2073600,0,1024,0,0,Intel,2.7,Intel i7,Nvidia,0,Nvidia GeForce
464,Microsoft,Surface Laptop,Ultrabook,13.5,4.0,Windows 10 S,1.252,6.897704943128636,0,0,0,1,0,0,3393024,128,0,0,0,Intel,2.2,Intel Other,Intel,1,Intel Graphics
465,Microsoft,Surface Laptop,Ultrabook,13.5,8.0,Windows 10 S,1.25,7.495541943884256,0,0,0,1,0,0,3393024,256,0,0,0,Intel,2.5,Intel i7,Intel,1,Intel Graphics
466,HP,17-BS092ND (i3-6006U/8GB/256GB/W10),Notebook,17.3,8.0,Windows 10,2.5,6.462873438510181,0,0,0,0,0,0,1440000,256,0,0,0,Intel,2.0,Intel i3,Intel,1,Intel Graphics
467,Acer,Aspire E5-576G,Notebook,15.6,4.0,Windows 10,2.23,6.300785794663244,1,0,0,0,0,0,2073600,0,1024,0,0,Intel,2.0,Intel i3,Nvidia,0,Nvidia GeForce
468,Acer,TravelMate B,Netbook,11.6,4.0,Windows 10,1.4,6.077642243349034,0,0,0,0,0,0,1049088,128,0,0,0,Intel,1.6,Intel Celeron,Intel,1,Intel Graphics
469,Asus,Pro P2540UA-AB51,Notebook,15.6,8.0,Windows 10,2.37,6.620073206530356,1,0,0,0,0,0,2073600,0,1024,0,0,Intel,2.5,Intel i5,Intel,1,Intel Graphics
470,Lenovo,IdeaPad 510s-14IKB,Notebook,14.0,8.0,No OS,1.5,6.684611727667927,1,1,0,0,0,0,2073600,512,0,0,0,Intel,2.7,Intel i7,AMD,0,AMD Radeon
471,Lenovo,Thinkpad P51,Notebook,15.6,8.0,Windows 10,2.67,7.645397699428633,1,0,0,0,0,0,2073600,256,0,0,0,Intel,2.9,Intel i7,Nvidia,0,Nvidia Quadro
472,Asus,X541NA-PD1003Y (N4200/4GB/500GB/W10),Notebook,15.6,4.0,Windows 10,2.0,5.720311776607412,0,0,0,0,0,0,1049088,0,500,0,0,Intel,1.1,Intel Pentium,Intel,1,Intel Graphics
473,Acer,Aspire 5,Notebook,15.6,4.0,Windows 10,2.2,6.152732694704104,0,0,0,0,0,0,1049088,0,500,0,0,Intel,2.0,Intel i3,Nvidia,0,Nvidia GeForce
474,Dell,Inspiron 5570,Notebook,15.6,8.0,Windows 10,2.02,6.633318433280377,1,0,0,0,0,0,2073600,0,2048,0,0,Intel,1.6,Intel i5,AMD,0,AMD Radeon
475,HP,Omen 17-an006nv,Gaming,17.3,12.0,Windows 10,3.78,7.438383530044307,1,1,0,0,0,0,2073600,0,1024,0,0,Intel,2.8,Intel i7,Nvidia,0,Nvidia GeForce
476,Lenovo,Thinkpad T460s,Ultrabook,14.0,12.0,Windows 10,1.4,7.527793987721444,0,1,0,0,1,0,3686400,256,0,0,0,Intel,2.6,Intel i7,Intel,1,Intel Graphics
477,HP,Spectre x360,2 in 1 Convertible,13.3,8.0,Windows 10,1.29,7.600902459542082,0,1,0,1,0,1,8294400,512,0,0,0,Intel,1.8,Intel i7,Intel,1,Intel Graphics
478,HP,ZBook 15u,Notebook,15.6,8.0,Windows 10,1.9,7.051855622955894,1,0,0,0,0,0,2073600,0,500,0,0,Intel,2.5,Intel i5,AMD,0,AMD Graphics
479,Google,Pixelbook (Core,Ultrabook,12.3,8.0,Chrome OS,1.1,7.151485463904735,0,0,0,1,0,0,3840000,128,0,0,0,Intel,1.2,Intel i5,Intel,1,Intel Graphics
480,Dell,Latitude 7390,Ultrabook,13.3,8.0,Windows 10,1.42,7.519068565317946,1,0,0,1,0,0,2073600,256,0,0,0,Intel,1.6,Intel i5,Intel,1,Intel Graphics
481,Asus,ZenBook Pro,Notebook,15.6,12.0,Windows 10,2.06,7.170119543449628,0,1,0,0,0,1,8294400,128,1024,0,0,Intel,2.6,Intel i7,Intel,1,Intel Graphics
482,Dell,Latitude E5470,Notebook,14.0,8.0,Windows 10,1.79,6.608000625296087,0,0,0,0,0,0,1049088,128,0,0,0,Intel,2.3,Intel i3,Intel,1,Intel Graphics
483,Dell,Precision M5520,Workstation,15.6,8.0,Windows 10,1.78,7.786967002614872,1,0,0,0,0,0,2073600,256,0,0,0,Intel,2.8,Intel i7,Nvidia,0,Nvidia Quadro
484,Lenovo,Thinkpad T470,Notebook,14.0,8.0,Windows 10,1.7,7.21890970761906,1,0,0,0,0,0,2073600,180,0,0,0,Intel,2.5,Intel i5,Intel,1,Intel Graphics
485,Dell,Inspiron 3576,Notebook,15.6,8.0,Windows 10,2.2,6.516193076042964,1,0,0,0,0,0,2073600,0,1024,0,0,Intel,1.6,Intel i5,AMD,0,AMD Radeon
486,Toshiba,Portege X30-D-10J,Notebook,13.3,8.0,Windows 10,1.05,7.422373700986824,1,1,0,0,0,0,2073600,256,0,0,0,Intel,2.5,Intel i5,Intel,1,Intel Graphics
487,Dell,Inspiron 7570,Notebook,15.6,8.0,Windows 10,2.16,7.141245122350491,1,1,0,0,0,0,2073600,512,0,0,0,Intel,1.8,Intel i7,Nvidia,0,Nvidia GeForce
488,Dell,Vostro 3568,Notebook,15.6,4.0,Windows 10,2.18,6.376046444299722,0,0,0,0,0,0,1049088,0,1024,0,0,Intel,2.4,Intel i3,Intel,1,Intel Graphics
489,HP,ProBook 430,Notebook,13.3,4.0,Windows 10,1.49,6.588926477533519,1,1,0,0,0,0,2073600,128,0,0,0,Intel,1.6,Intel i5,Intel,1,Intel Graphics
490,Chuwi,"Lapbook 15,6",Notebook,15.6,4.0,Windows 10,1.89,5.521060837840906,1,0,0,0,0,0,2073600,0,0,64,0,Intel,1.44,Intel Other,Intel,1,Intel Graphics
491,Lenovo,ThinkPad E570,Notebook,15.6,4.0,Windows 10,2.3,6.338594078203183,0,0,0,0,0,0,1049088,128,0,0,0,Intel,2.0,Intel i3,Intel,1,Intel Graphics
492,Lenovo,ThinkPad E480,Notebook,14.0,8.0,Windows 10,1.75,6.956545443151569,1,1,0,0,0,0,2073600,256,0,0,0,Intel,1.6,Intel i5,Intel,1,Intel Graphics
493,Dell,Precision 3520,Workstation,15.6,16.0,Windows 10,2.17,7.757478766584179,1,1,0,0,0,0,2073600,512,0,0,0,Intel,2.7,Intel i7,Nvidia,0,Nvidia Quadro
494,Dell,XPS 15,Notebook,15.6,16.0,Windows 10,2.06,7.549609165154532,1,0,0,0,0,0,2073600,512,0,0,0,Intel,2.8,Intel i7,Nvidia,0,Nvidia GeForce
495,Lenovo,Thinkpad X270,Ultrabook,12.5,16.0,Windows 10,1.36,7.4949862339505335,1,1,0,0,0,0,2073600,512,0,0,0,Intel,2.7,Intel i7,Intel,1,Intel Graphics
496,Asus,Zenbook UX390UA,Ultrabook,12.5,16.0,Windows 10,0.91,7.576097340623111,1,0,0,0,0,0,2073600,512,0,0,0,Intel,2.7,Intel i7,Intel,1,Intel Graphics
497,Lenovo,Thinkpad E570,Notebook,15.6,8.0,Windows 10,2.3,6.920661632531647,1,1,0,0,0,0,2073600,256,0,0,0,Intel,2.5,Intel i5,Nvidia,0,Nvidia GeForce
498,Toshiba,Portege X30-D-10L,Ultrabook,13.3,32.0,Windows 10,1.05,7.937374696163295,1,0,0,1,0,0,2073600,512,0,0,0,Intel,2.7,Intel i7,Intel,1,Intel Graphics
499,Asus,VivoBook Pro,Gaming,15.6,8.0,Windows 10,1.99,7.208600337960199,1,0,0,0,0,0,2073600,128,1024,0,0,Intel,2.8,Intel i7,Nvidia,0,Nvidia GeForce
500,Acer,Aspire 5,Notebook,15.6,8.0,Windows 10,2.2,6.363028103540465,0,0,0,0,0,0,1049088,0,1024,0,0,AMD,2.5,AMD A-Series,AMD,0,AMD Radeon
501,Asus,Rog G752VL-UH71T,Gaming,17.3,24.0,Windows 10,4.33,7.146772179452637,1,1,0,1,0,0,2073600,256,1024,0,0,Intel,2.6,Intel i7,Nvidia,0,Nvidia GeForce
502,Lenovo,Thinkpad X260,Ultrabook,12.5,8.0,Windows 10,1.3,7.003065458786462,0,1,0,0,0,0,1049088,180,0,0,0,Intel,2.3,Intel i5,Intel,1,Intel Graphics
503,Lenovo,Ideapad 520-15IKBR,Notebook,15.6,8.0,Windows 10,2.17,6.8022836460399025,1,0,0,0,0,0,2073600,256,0,0,0,Intel,1.8,Intel i7,Intel,1,Intel Graphics
504,HP,EliteBook 840,Notebook,14.0,8.0,Windows 10,1.48,7.4673710669175595,1,0,0,0,0,0,2073600,1024,0,0,0,Intel,2.8,Intel i7,Intel,1,Intel Graphics
505,Lenovo,ThinkPad 13,Notebook,13.3,8.0,Windows 10,1.4,6.856461984594587,1,1,0,0,0,0,2073600,256,0,0,0,Intel,2.4,Intel i3,Intel,1,Intel Graphics
506,Lenovo,ThinkPad L570,Notebook,15.6,8.0,Windows 10,2.3,6.815639990074331,1,1,0,0,0,0,2073600,256,0,0,0,Intel,2.5,Intel i5,Intel,1,Intel Graphics
507,Asus,VivoBook E201NA,Netbook,11.6,4.0,Windows 10 S,1.2,5.831882477283517,0,0,0,0,0,0,1049088,0,0,64,0,Intel,1.1,Intel Celeron,Intel,1,Intel Graphics
508,HP,15-BS026nv (i5-7200U/8GB/256GB/Radeon,Notebook,15.6,8.0,Windows 10,1.91,6.429703348876805,0,0,0,0,0,0,1049088,256,0,0,0,Intel,2.5,Intel i5,AMD,0,AMD Radeon
509,Lenovo,Yoga 920-13IKB,2 in 1 Convertible,13.9,8.0,Windows 10,1.4,7.3777589082278725,1,1,0,1,0,0,2073600,256,0,0,0,Intel,1.6,Intel i5,Intel,1,Intel Graphics
510,Lenovo,IdeaPad 320-14IAP,Notebook,14.0,4.0,Windows 10,2.1,5.703782474656201,0,0,0,0,0,0,1049088,0,500,0,0,Intel,1.1,Intel Celeron,Intel,1,Intel Graphics
511,Lenovo,Chromebook N23,Netbook,11.6,4.0,Chrome OS,1.25,5.583496308781699,0,0,0,0,0,0,1049088,16,0,0,0,Intel,1.6,Intel Celeron,Intel,1,Intel Graphics
512,Lenovo,ThinkPad 13,Notebook,13.3,8.0,Windows 10,1.44,6.856461984594587,1,0,0,0,0,0,2073600,256,0,0,0,Intel,2.5,Intel i5,Intel,1,Intel Graphics
513,Asus,ZenBook UX510UX-CN211T,Notebook,15.6,8.0,Windows 10,2.0,7.110696122978827,1,0,0,0,0,0,2073600,256,1024,0,0,Intel,2.7,Intel i7,Intel,1,Intel Graphics
514,Acer,Aspire A515-51G-59QF,Notebook,15.6,4.0,Windows 10,2.2,6.419994928147142,1,1,0,0,0,0,2073600,0,1024,0,0,Intel,1.6,Intel i5,Nvidia,0,Nvidia GeForce
515,HP,Envy 13-AB002nv,Ultrabook,13.3,8.0,Windows 10,1.34,7.188412736496954,1,1,0,0,0,0,2073600,512,0,0,0,Intel,2.7,Intel i7,Intel,1,Intel Graphics
516,Lenovo,Legion Y520-15IKBN,Gaming,15.6,8.0,No OS,2.4,7.047517221357296,1,1,0,0,0,0,2073600,256,1024,0,0,Intel,2.8,Intel i7,Nvidia,0,Nvidia GeForce
517,Dell,XPS 13,Ultrabook,13.3,8.0,Windows 10,1.29,6.802394763324311,1,1,0,1,0,0,2073600,128,0,0,0,Intel,2.5,Intel i5,Intel,1,Intel Graphics
518,Acer,Aspire A515-51G,Notebook,15.6,4.0,Windows 10,2.2,6.461468176353717,1,0,0,0,0,0,2073600,0,500,0,0,Intel,2.7,Intel i7,Nvidia,0,Nvidia GeForce
519,Dell,Vostro 5568,Notebook,15.6,8.0,Windows 10,2.18,6.729824070489475,1,0,0,0,0,0,2073600,0,1024,0,0,Intel,2.5,Intel i5,Intel,1,Intel Graphics
520,Dell,Inspiron 5570,Notebook,15.6,16.0,Windows 10,2.2,7.106802839691678,1,0,0,0,0,0,2073600,256,2048,0,0,Intel,1.8,Intel i7,AMD,0,AMD Radeon
521,Xiaomi,Mi Notebook,Notebook,15.6,16.0,No OS,1.95,7.244905856906428,1,1,0,0,0,0,2073600,256,0,0,0,Intel,1.8,Intel i7,Nvidia,0,Nvidia GeForce
522,Asus,VivoBook E12,Netbook,11.6,2.0,Windows 10,1.1,5.5053315359323625,0,0,0,0,0,0,1049088,0,0,32,0,Intel,1.1,Intel Celeron,Intel,1,Intel Graphics
523,HP,15-bs190od (i5-8250U/4GB/1TB/W10),Notebook,15.6,4.0,Windows 10,2.04,6.258567565922647,0,0,0,1,0,0,1049088,0,1024,0,0,Intel,1.6,Intel i5,Intel,1,Intel Graphics
524,Asus,ROG Zephyrus,Gaming,15.6,24.0,Windows 10,2.24,7.99598047476376,1,0,0,0,0,0,2073600,512,0,0,0,Intel,2.8,Intel i7,Nvidia,0,Nvidia GeForce
525,HP,Probook 450,Notebook,15.6,8.0,Windows 10,2.04,6.7912214627261855,1,0,0,0,0,0,2073600,256,0,0,0,Intel,2.5,Intel i5,Nvidia,0,Nvidia GeForce
526,Asus,FX753VE-GC155T (i7-7700HQ/16GB/1TB,Gaming,17.3,16.0,Windows 10,3.0,7.316548177182976,1,0,0,0,0,0,2073600,256,1024,0,0,Intel,2.8,Intel i7,Nvidia,0,Nvidia GeForce
527,Lenovo,Legion Y720-15IKB,Gaming,15.6,8.0,Windows 10,3.2,7.24422751560335,1,1,0,0,0,0,2073600,256,1024,0,0,Intel,2.8,Intel i7,Nvidia,0,Nvidia GeForce
528,HP,Spectre X360,Ultrabook,13.3,8.0,Windows 10,1.32,7.24422751560335,1,1,0,0,0,0,2073600,256,0,0,0,Intel,2.7,Intel i7,Intel,1,Intel Graphics
529,Dell,Latitude 5480,Notebook,14.0,8.0,Windows 10,1.64,7.155185506847295,1,0,0,0,0,0,2073600,256,0,0,0,Intel,2.6,Intel i5,Intel,1,Intel Graphics
530,HP,ProBook 440,Notebook,15.6,4.0,Windows 10,1.63,6.536691597591305,0,0,0,0,0,0,1049088,128,0,0,0,Intel,2.0,Intel i3,Intel,1,Intel Graphics
531,Dell,Inspiron 5770,Notebook,17.3,8.0,Linux,2.8,6.7912214627261855,1,1,0,0,0,0,2073600,128,1024,0,0,Intel,1.6,Intel i5,AMD,0,AMD Radeon
532,Lenovo,ThinkPad L470,Notebook,14.0,8.0,Windows 7,2.02,7.201170883281678,1,0,0,0,0,0,2073600,256,0,0,0,Intel,2.3,Intel i5,Intel,1,Intel Graphics
533,Lenovo,IdeaPad 320-15IKB,Notebook,15.6,4.0,Windows 10,2.2,6.684611727667927,1,0,0,0,0,0,2073600,0,1024,0,0,Intel,2.7,Intel i7,Nvidia,0,Nvidia GeForce
534,Lenovo,IdeaPad 320-15ISK,Notebook,15.6,8.0,No OS,2.2,6.131226489483141,0,0,0,0,0,0,1049088,0,2048,0,0,Intel,2.0,Intel i3,Nvidia,0,Nvidia GeForce
535,Dell,Inspiron 3567,Notebook,15.6,4.0,Windows 10,2.3,6.373319789577012,1,0,0,0,0,0,2073600,0,500,0,0,Intel,2.5,Intel i5,AMD,0,AMD Radeon
536,Dell,Latitude 5580,Notebook,15.6,8.0,Windows 10,1.9,7.228388451573604,1,0,0,0,0,0,2073600,256,0,0,0,Intel,2.8,Intel i5,Intel,1,Intel Graphics
537,Dell,Alienware 17,Gaming,17.3,16.0,Windows 10,4.42,8.01094706572388,1,1,0,0,0,0,2073600,128,1024,0,0,Intel,2.8,Intel i7,Nvidia,0,Nvidia GeForce
538,Toshiba,Satellite Pro,Notebook,15.6,8.0,Windows 10,2.0,6.7580945044277305,1,1,0,0,0,0,2073600,0,500,0,0,Intel,2.5,Intel i5,Intel,1,Intel Graphics
539,Asus,Zenbook UX510UW-FI095T,Notebook,15.6,8.0,Windows 10,2.0,7.170119543449628,0,1,0,0,0,1,8294400,256,1024,0,0,Intel,2.7,Intel i7,Nvidia,0,Nvidia GeForce
540,Mediacom,SmartBook Edge,Notebook,13.3,4.0,Windows 10,1.2,5.91350300563827,1,1,0,0,0,0,2073600,32,0,0,0,Intel,1.1,Intel Celeron,Intel,1,Intel Graphics
541,Asus,ROG Strix,Gaming,15.6,8.0,Windows 10,2.3,7.408530566894626,1,1,0,0,0,0,2073600,128,1024,0,0,Intel,2.5,Intel i5,Nvidia,0,Nvidia GeForce
542,Dell,Latitude 5580,Notebook,15.6,8.0,Windows 10,1.93,7.222566018822171,1,0,0,0,0,0,2073600,256,0,0,0,Intel,2.8,Intel i7,Nvidia,0,Nvidia GeForce
543,Dell,Inspiron 5570,Notebook,15.6,8.0,Windows 10,2.2,6.682622249968917,1,0,0,0,0,0,2073600,256,0,0,0,Intel,1.6,Intel i5,AMD,0,AMD Radeon
544,HP,250 G6,Notebook,15.6,4.0,Windows 10,1.86,5.991439546795477,1,0,0,0,0,0,2073600,256,0,0,0,Intel,1.6,Intel Pentium,Intel,1,Intel Graphics
545,HP,Omen 15-ce006nv,Gaming,17.3,12.0,Windows 10,2.62,7.495541943884256,1,0,0,0,0,0,2073600,0,1024,0,0,Intel,2.8,Intel i7,Nvidia,0,Nvidia GeForce
546,Lenovo,Thinkpad E470,Notebook,14.0,8.0,Windows 10,1.87,6.756932389247553,1,1,0,0,0,0,2073600,256,0,0,0,Intel,2.7,Intel i7,Nvidia,0,Nvidia GeForce
547,Dell,XPS 13,Ultrabook,13.3,8.0,Windows 10,1.2,7.24422751560335,0,0,0,1,1,0,5760000,256,0,0,0,Intel,1.8,Intel i7,Intel,1,Intel Graphics
548,Dell,Vostro 5468,Notebook,14.0,4.0,Windows 10,1.6,6.602411485857249,1,0,0,0,0,0,2073600,128,0,0,0,Intel,2.0,Intel i3,Intel,1,Intel Graphics
549,HP,Envy 13-AB020nr,Ultrabook,13.3,8.0,Windows 10,1.34,7.044032897274685,0,1,0,0,1,0,5760000,256,0,0,0,Intel,2.7,Intel i7,Intel,1,Intel Graphics
550,Acer,Aspire 7,Gaming,15.6,8.0,Linux,2.4,6.683360945766275,1,0,0,0,0,0,2073600,0,1024,0,0,Intel,2.5,Intel i5,Nvidia,0,Nvidia GeForce
551,Asus,VivoBook X540YA-XX519T,Notebook,15.6,4.0,Windows 10,2.0,5.857933154483459,0,0,0,0,0,0,1049088,0,500,0,0,AMD,1.8,AMD Other,AMD,0,AMD Radeon
552,HP,ProBook 450,Notebook,15.6,4.0,Windows 10,2.1,6.560323202124582,1,0,0,0,0,0,2073600,128,0,0,0,Intel,2.4,Intel i3,Intel,1,Intel Graphics
553,Lenovo,ThinkPad E470,Notebook,14.0,4.0,Windows 10,1.87,6.666956792429207,1,0,0,0,0,0,2073600,0,500,0,0,Intel,2.5,Intel i5,Intel,1,Intel Graphics
554,Lenovo,V310-15ISK (i5-6200U/4GB/1TB/FHD/No,Notebook,15.6,4.0,No OS,2.15,6.138482708032701,1,0,0,0,0,0,2073600,0,1024,0,0,Intel,2.3,Intel i5,Intel,1,Intel Graphics
555,HP,250 G6,Notebook,15.6,4.0,Windows 10,1.86,5.986452005284438,1,0,0,0,0,0,2073600,0,500,0,0,Intel,2.0,Intel i3,Intel,1,Intel Graphics
556,Lenovo,ThinkPad T570,Notebook,15.6,8.0,Windows 10,1.99,7.455876687491824,1,1,0,0,0,0,2073600,512,0,0,0,Intel,2.7,Intel i7,Intel,1,Intel Graphics
557,Lenovo,IdeaPad 320-15ISK,Notebook,15.6,4.0,Windows 10,2.2,6.214608098422191,1,0,0,0,0,0,2073600,128,0,0,0,Intel,2.0,Intel i3,Intel,1,Intel Graphics
558,Dell,Latitude 5580,Notebook,15.6,8.0,Windows 10,1.9,7.019287709131214,1,0,0,0,0,0,2073600,256,0,0,0,Intel,2.5,Intel i5,Intel,1,Intel Graphics
559,Dell,Alienware 17,Gaming,17.3,16.0,Windows 10,4.42,7.90100705199242,1,1,0,0,0,0,2073600,256,1024,0,0,Intel,2.8,Intel i7,Nvidia,0,Nvidia GeForce
560,HP,17-X047na (i3-6006U/8GB/1TB/W10),Notebook,17.3,8.0,Windows 10,2.65,6.3010609861523905,0,0,0,0,0,0,1440000,0,1024,0,0,Intel,2.0,Intel i3,Intel,1,Intel Graphics
561,HP,ProBook 470,Notebook,17.3,8.0,Windows 10,2.63,7.155396301896734,1,0,0,0,0,0,2073600,0,1024,0,0,Intel,2.7,Intel i7,Nvidia,0,Nvidia GeForce
562,Asus,A541NA-GO342 (N3350/4GB/500GB/Linux),Notebook,15.6,4.0,Linux,2.0,5.41610040220442,0,0,0,0,0,0,1049088,0,500,0,0,Intel,1.1,Intel Celeron,Intel,1,Intel Graphics
563,Mediacom,SmartBook 130,Notebook,13.3,4.0,Windows 10,1.35,5.545177444479562,1,1,0,0,0,0,2073600,0,0,32,0,Intel,1.44,Intel Other,Intel,1,Intel Graphics
564,Lenovo,IdeaPad 320-17IKB,Notebook,17.3,6.0,Windows 10,2.8,6.856461984594587,0,0,0,0,0,0,1440000,128,1024,0,0,Intel,2.7,Intel i7,Nvidia,0,Nvidia GeForce
565,HP,15-bw007nv (A10-9620P/6GB/128GB/Radeon,Notebook,15.6,6.0,Windows 10,1.91,6.3454609068409535,1,1,0,0,0,0,2073600,128,0,0,0,AMD,2.5,AMD A-Series,AMD,0,AMD Radeon
566,Dell,Vostro 3568,Notebook,15.6,4.0,Windows 10,2.18,6.427943708745316,0,0,0,0,0,0,1049088,0,1024,0,0,Intel,2.0,Intel i3,AMD,0,AMD Radeon
567,Acer,Spin SP111-31,2 in 1 Convertible,11.6,4.0,Windows 10,1.25,5.857933154483459,1,1,0,1,0,0,2073600,0,0,32,0,Intel,2.0,Intel Celeron,Intel,1,Intel Graphics
568,Lenovo,V330-15IKB (i3-7130U/4GB/128GB/FHD/W10),Notebook,15.6,4.0,Windows 10,2.05,6.447305862541213,1,0,0,0,0,0,2073600,128,0,0,0,Intel,2.7,Intel i3,Intel,1,Intel Graphics
569,HP,EliteBook 1030,Ultrabook,13.3,16.0,Windows 10,1.16,7.583756300707112,0,1,0,1,1,0,5760000,512,0,0,0,Intel,1.2,Intel Other,Intel,1,Intel Graphics
570,Lenovo,Thinkpad P71,Notebook,17.3,8.0,Windows 10,3.4,8.006367567650246,1,1,0,0,0,0,2073600,256,0,0,0,Intel,2.8,Intel i7,Nvidia,0,Nvidia Quadro
571,Asus,FX553VD-DM627T (i5-7300HQ/8GB/1TB,Notebook,15.6,8.0,Windows 10,2.5,6.733401891837359,1,0,0,0,0,0,2073600,128,1024,0,0,Intel,2.5,Intel i5,Nvidia,0,Nvidia GeForce
572,Dell,XPS 13,Ultrabook,13.3,8.0,Windows 10,1.21,7.3777589082278725,0,1,0,1,0,1,8294400,128,0,0,0,Intel,1.6,Intel i5,Intel,1,Intel Graphics
573,Dell,Latitude 5580,Notebook,15.6,4.0,Windows 10,1.93,6.866933284461882,0,0,0,0,0,0,1049088,0,500,0,0,Intel,2.6,Intel i5,Intel,1,Intel Graphics
574,Fujitsu,Lifebook A557,Notebook,15.6,8.0,Windows 10,2.2,6.606650186198215,0,0,0,0,0,0,1049088,0,1024,0,0,Intel,2.5,Intel i5,Intel,1,Intel Graphics
575,Lenovo,IdeaPad 320-15IAP,Notebook,15.6,4.0,Windows 10,2.2,5.84354441703136,1,0,0,0,0,0,2073600,0,500,0,0,Intel,1.1,Intel Pentium,Intel,1,Intel Graphics
576,Lenovo,ThinkPad L470,Notebook,14.0,4.0,Windows 10,2.02,6.898714534329988,0,0,0,0,0,0,1049088,0,500,0,0,Intel,2.5,Intel i5,Intel,1,Intel Graphics
577,HP,ZBook 17,Workstation,17.3,8.0,Windows 10,3.14,7.52940108725331,0,0,0,0,0,0,1440000,0,500,0,0,Intel,2.8,Intel i5,Nvidia,0,Nvidia Quadro
578,HP,14-am079na (N3710/8GB/2TB/W10),Notebook,14.0,8.0,Windows 10,1.94,5.966146739123692,0,0,0,0,0,0,1049088,0,2048,0,0,Intel,1.6,Intel Pentium,Intel,1,Intel Graphics
579,HP,15-cd005nv (A9-9420/6GB/256GB/Radeon,Notebook,15.6,6.0,Windows 10,1.95,6.476972362889683,1,1,0,0,0,0,2073600,256,0,0,0,AMD,3.0,AMD A-Series,AMD,0,AMD Radeon
580,Lenovo,Thinkpad E570,Notebook,15.6,8.0,Windows 10,2.3,6.7226297948554485,1,0,0,0,0,0,2073600,256,0,0,0,Intel,2.5,Intel i5,Intel,1,Intel Graphics
581,Lenovo,V330-15IKB (i5-8250U/4GB/500GB/FHD/W10),Notebook,15.6,4.0,Windows 10,2.05,6.530877627725885,1,0,0,0,0,0,2073600,0,500,0,0,Intel,1.6,Intel i5,Intel,1,Intel Graphics
582,Mediacom,SmartBook 141,Notebook,14.0,4.0,Windows 10,1.4,5.521460917862246,1,0,0,0,0,0,2073600,32,0,0,0,Intel,1.44,Intel Other,Intel,1,Intel Graphics
583,Toshiba,Tecra X40-D-10H,Ultrabook,14.0,16.0,Windows 10,1.24,7.531552381407289,1,0,0,1,0,0,2073600,512,0,0,0,Intel,2.7,Intel i7,Intel,1,Intel Graphics
584,Lenovo,IdeaPad Y910-17ISK,Gaming,17.3,32.0,Windows 10,4.6,7.88758403166028,1,1,0,0,0,0,2073600,256,1024,0,0,Intel,2.7,Intel i7,Nvidia,0,Nvidia GeForce
585,MSI,GT73VR Titan,Gaming,17.3,16.0,Windows 10,4.14,7.912056888179006,1,0,0,0,0,0,2073600,512,1024,0,0,Intel,2.9,Intel i7,Nvidia,0,Nvidia GeForce
586,Dell,Inspiron 3567,Notebook,15.6,8.0,Linux,2.2,6.620086539774801,1,0,0,0,0,0,2073600,256,0,0,0,Intel,2.7,Intel i7,AMD,0,AMD Radeon
587,Mediacom,SmartBook Edge,Notebook,14.0,4.0,Windows 10,1.45,5.966146739123692,1,1,0,0,0,0,2073600,32,0,0,0,Intel,1.1,Intel Celeron,Intel,1,Intel Graphics
588,Dell,Latitude 5580,Notebook,15.6,8.0,Windows 10,1.9,6.917230249344655,0,0,0,0,0,0,1049088,0,500,0,0,Intel,2.6,Intel i5,Intel,1,Intel Graphics
589,HP,ProBook 430,Notebook,13.3,4.0,Windows 10,1.49,6.579251212010101,1,0,0,0,0,0,2073600,128,0,0,0,Intel,2.4,Intel i3,Intel,1,Intel Graphics
590,Dell,Latitude 5580,Notebook,15.6,16.0,Windows 10,1.93,7.338491693993433,1,0,0,0,0,0,2073600,256,0,0,0,Intel,2.8,Intel i7,Nvidia,0,Nvidia GeForce
591,Dell,Chromebook 11,Netbook,11.6,4.0,Chrome OS,1.26,5.69035945432406,0,0,0,0,0,0,1049088,0,0,16,0,Intel,1.6,Intel Celeron,Intel,1,Intel Graphics
592,MSI,GT80S 6QE,Gaming,17.3,16.0,Windows 10,4.5,7.762170607138205,1,0,0,0,0,0,2073600,128,1024,0,0,Intel,2.7,Intel i7,Nvidia,0,Nvidia GeForce
593,HP,Omen 17-AN010nv,Gaming,17.3,16.0,Windows 10,3.78,7.312553498102598,1,1,0,0,0,0,2073600,256,1024,0,0,Intel,2.8,Intel i7,Nvidia,0,Nvidia GeForce
594,Lenovo,Thinkpad T460s,Ultrabook,14.0,12.0,Windows 10,1.4,7.422971251049421,1,1,0,0,0,0,2073600,256,0,0,0,Intel,2.6,Intel i7,Intel,1,Intel Graphics
595,Lenovo,Ideapad 320-15IKBR,Notebook,15.6,12.0,Windows 10,2.2,6.413458957167357,0,0,0,1,0,0,1049088,0,1024,0,0,Intel,1.8,Intel i7,Intel,1,Intel Graphics
596,Asus,ROG Strix,Gaming,17.3,8.0,Windows 10,2.73,7.479299637782834,1,1,0,0,0,0,2073600,128,1024,0,0,Intel,2.5,Intel i5,Nvidia,0,Nvidia GeForce
597,Asus,TP501UA-CJ131T (i5-7200U/8GB/1TB/W10),2 in 1 Convertible,15.6,8.0,Windows 10,2.2,6.606650186198215,0,0,0,1,0,0,1049088,0,1024,0,0,Intel,2.5,Intel i5,Intel,1,Intel Graphics
598,Lenovo,IdeaPad 320-15ABR,Notebook,15.6,12.0,Windows 10,2.2,6.856461984594587,1,0,0,0,0,0,2073600,512,0,0,0,AMD,3.6,AMD Other,AMD,0,AMD Radeon
599,Dell,Inspiron 3179,2 in 1 Convertible,11.6,4.0,Windows 10,1.39,6.403574197934815,0,0,0,1,0,0,1049088,128,0,0,0,Intel,1.0,Intel Other,Intel,1,Intel Graphics
600,Samsung,Notebook Odyssey,Notebook,15.6,16.0,Windows 10,2.5,7.438383530044307,1,0,0,0,0,0,2073600,128,1024,0,0,Intel,2.8,Intel i7,Nvidia,0,Nvidia GeForce
601,Lenovo,V320-17ISK (i3-6006U/4GB/500GB/FHD/No,Notebook,17.3,4.0,No OS,2.8,6.272877006546167,1,0,0,0,0,0,2073600,0,500,0,0,Intel,2.0,Intel i3,Intel,1,Intel Graphics
602,Lenovo,IdeaPad 110-15ISK,Notebook,15.6,8.0,Windows 10,2.29,6.131226489483141,0,0,0,0,0,0,1049088,0,1024,0,0,Intel,2.3,Intel i3,Intel,1,Intel Graphics
603,Lenovo,ThinkPad Yoga,2 in 1 Convertible,13.3,8.0,Windows 10,1.37,7.613818684808629,1,1,0,1,0,0,2073600,512,0,0,0,Intel,2.7,Intel i7,Intel,1,Intel Graphics
604,Lenovo,Thinkpad T470p,Notebook,14.0,8.0,Windows 10,1.7,7.29641326877392,1,1,0,0,0,0,2073600,256,0,0,0,Intel,2.5,Intel i5,Intel,1,Intel Graphics
605,Dell,Latitude 5289,2 in 1 Convertible,12.5,8.0,Windows 10,1.34,7.421177528595393,1,0,0,1,0,0,2073600,256,0,0,0,Intel,2.5,Intel i5,Intel,1,Intel Graphics
606,Dell,Precision 3520,Workstation,15.6,8.0,Windows 10,2.06,7.475339236566737,1,0,0,1,0,0,2073600,256,0,0,0,Intel,2.8,Intel i7,Nvidia,0,Nvidia Quadro
607,HP,EliteBook 850,Notebook,15.6,8.0,Windows 10,1.84,7.106606137727303,1,0,0,0,0,0,2073600,256,0,0,0,Intel,2.7,Intel i7,Intel,1,Intel Graphics
608,HP,ProBook 450,Notebook,15.6,4.0,Windows 10,2.1,6.506501291645438,0,0,0,0,0,0,1049088,0,500,0,0,Intel,2.4,Intel i3,Intel,1,Intel Graphics
609,Acer,Aspire 1,Notebook,14.0,4.0,Windows 10,1.6,5.799092654460526,1,0,0,0,0,0,2073600,0,0,32,0,Intel,1.1,Intel Celeron,Intel,1,Intel Graphics
610,MSI,Laptop MSI,Gaming,17.3,16.0,Windows 10,4.14,7.696212639346407,1,0,0,0,0,0,2073600,128,1024,0,0,Intel,2.7,Intel i7,Nvidia,0,Nvidia GeForce
611,Dell,Vostro 3568,Notebook,15.6,4.0,Linux,2.18,6.144185634125646,0,0,0,0,0,0,1049088,0,1024,0,0,Intel,2.0,Intel i3,AMD,0,AMD Radeon
612,MSI,GS63VR 7RF,Gaming,15.6,16.0,Windows 10,1.8,7.7406644019172415,0,0,0,0,0,1,8294400,256,2048,0,0,Intel,2.8,Intel i7,Nvidia,0,Nvidia GeForce
613,Toshiba,Tecra Z50-C-144,Notebook,15.6,8.0,Windows 10,2.2,7.24422751560335,1,1,0,0,0,0,2073600,256,0,0,0,Intel,2.5,Intel i7,Intel,1,Intel Graphics
614,Lenovo,IdeaPad 310-15IKB,Notebook,15.6,6.0,Windows 10,2.4,6.336825731146441,1,0,0,0,0,0,2073600,0,1024,0,0,Intel,2.5,Intel i5,Intel,1,Intel Graphics
615,Lenovo,Yoga 720-15IKB,2 in 1 Convertible,15.6,8.0,Windows 10,2.0,7.170119543449628,1,1,0,1,0,0,2073600,256,0,0,0,Intel,2.8,Intel i7,Intel,1,Intel Graphics
616,Acer,Swift SF114-31-P5HY,Notebook,14.0,4.0,Windows 10,1.6,5.857933154483459,0,0,0,0,0,0,1049088,0,0,128,0,Intel,1.6,Intel Pentium,Intel,1,Intel Graphics
617,Lenovo,Thinkpad P51,Notebook,15.6,32.0,Windows 10,2.5,8.496990484098719,0,1,0,0,0,1,8294400,1024,0,0,0,Intel,3.1,Intel Other,Nvidia,0,Nvidia Quadro
618,Dell,Inspiron 7559,Gaming,15.6,16.0,Windows 10,2.59,6.77993327104405,1,0,0,0,0,0,2073600,0,1024,0,0,Intel,2.6,Intel i7,Nvidia,0,Nvidia GeForce
619,Dell,Vostro 3568,Notebook,15.6,4.0,Linux,2.18,6.097849537811996,0,0,0,0,0,0,1049088,0,1024,0,0,Intel,2.0,Intel i3,Intel,1,Intel Graphics
620,Dell,Inspiron 3567,Notebook,15.6,4.0,Linux,2.25,5.886104031450156,0,0,0,0,0,0,1049088,0,1024,0,0,Intel,2.0,Intel i3,Intel,1,Intel Graphics
621,Dell,Latitude 5580,Notebook,15.6,4.0,Linux,1.93,6.76849321164863,0,0,0,0,0,0,1049088,0,500,0,0,Intel,2.6,Intel i5,Intel,1,Intel Graphics
622,Asus,FX753VD-GC007T (i7-7700HQ/8GB/1TB,Gaming,17.3,8.0,Windows 10,3.0,7.063903961472068,1,0,0,0,0,0,2073600,128,1024,0,0,Intel,2.8,Intel i7,Nvidia,0,Nvidia GeForce
623,Dell,Vostro 3568,Notebook,15.6,4.0,Linux,2.18,6.345636360828596,1,0,0,0,0,0,2073600,128,0,0,0,Intel,2.5,Intel i5,AMD,0,AMD Radeon
624,HP,EliteBook 850,Ultrabook,15.6,8.0,Windows 10,1.84,7.237059026124737,1,0,0,0,0,0,2073600,512,0,0,0,Intel,2.7,Intel i7,Intel,1,Intel Graphics
625,MSI,GT62VR 7RE,Gaming,15.6,16.0,Windows 10,2.94,7.727032781686294,1,0,0,0,0,0,2073600,256,1024,0,0,Intel,2.8,Intel i7,Nvidia,0,Nvidia GeForce
626,Acer,CB5-132T-C9KK (N3160/4GB/32GB/Chrome,2 in 1 Convertible,11.6,4.0,Chrome OS,1.25,5.940171252720432,0,1,0,1,0,0,1049088,0,0,32,0,Intel,1.6,Intel Celeron,Intel,1,Intel Graphics
627,HP,ProBook 650,Notebook,14.0,8.0,Windows 10,2.31,7.025538314638521,0,0,0,0,0,0,1049088,256,0,0,0,Intel,2.6,Intel i5,Intel,1,Intel Graphics
628,Lenovo,ThinkPad T470,Notebook,14.0,8.0,Windows 7,1.65,7.290292882446597,1,0,0,0,0,0,2073600,256,0,0,0,Intel,2.3,Intel i5,Intel,1,Intel Graphics
629,Dell,Inspiron 5570,Notebook,15.6,4.0,Windows 10,2.2,6.655440350367647,1,0,0,0,0,0,2073600,0,1024,0,0,Intel,1.6,Intel i5,AMD,0,AMD Radeon
630,Fujitsu,LifeBook A557,Notebook,15.6,8.0,Windows 10,2.2,6.684611727667927,0,0,0,0,0,0,1049088,256,0,0,0,Intel,2.5,Intel i5,Intel,1,Intel Graphics
631,HP,EliteBook 850,Notebook,15.6,4.0,Windows 7,1.88,6.838405200847344,0,0,0,0,0,0,1049088,0,500,0,0,Intel,2.3,Intel i5,Intel,1,Intel Graphics
632,Lenovo,IdeaPad 320-15IKB,Notebook,15.6,8.0,Windows 10,2.2,6.802394763324311,1,0,0,0,0,0,2073600,0,1024,0,0,Intel,2.7,Intel i7,Nvidia,0,Nvidia GeForce
633,Mediacom,SmartBook 140,Notebook,14.0,2.0,Windows 10,1.4,5.480638923341991,1,0,0,0,0,0,2073600,0,0,32,0,Intel,1.44,Intel Other,Intel,1,Intel Graphics
634,Lenovo,IdeaPad 320-15IKBN,Notebook,15.6,4.0,No OS,2.2,6.150602768446279,1,0,0,0,0,0,2073600,128,0,0,0,Intel,2.5,Intel i5,Intel,1,Intel Graphics
635,Asus,Q304UA-BHI5T11 (i5-7200U/6GB/1TB/FHD/W10),2 in 1 Convertible,13.3,6.0,Windows 10,1.5,6.4614838012316484,1,0,0,1,0,0,2073600,0,1024,0,0,Intel,2.5,Intel i5,Intel,1,Intel Graphics
636,Dell,XPS 15,Notebook,15.6,8.0,Windows 10,2.0,7.507141079727608,1,0,0,0,0,0,2073600,256,0,0,0,Intel,2.8,Intel i7,Nvidia,0,Nvidia GeForce
637,Asus,ZenBook 3,Ultrabook,14.0,16.0,Windows 10,1.1,7.550135342488429,1,0,0,0,0,0,2073600,512,0,0,0,Intel,2.7,Intel i7,Intel,1,Intel Graphics
639,Dell,Inspiron 7567,Gaming,15.6,16.0,Windows 10,2.62,7.299797366758161,1,0,0,0,0,0,2073600,256,1024,0,0,Intel,2.8,Intel i7,Nvidia,0,Nvidia GeForce
640,Lenovo,V330-15IKB (i5-8250U/4GB/256GB/FHD/W10),Notebook,15.6,4.0,Windows 10,1.8,6.721425700790643,1,0,0,0,0,0,2073600,256,0,0,0,Intel,1.6,Intel i5,Intel,1,Intel Graphics
641,Lenovo,Ideapad 320-15ISK,Notebook,15.6,4.0,Windows 10,2.2,6.363028103540465,1,0,0,0,0,0,2073600,0,1024,0,0,Intel,2.0,Intel i3,Nvidia,0,Nvidia GeForce
642,Asus,X541NA-GO414T (N3350/8GB/1TB/W10),Notebook,15.6,8.0,Windows 10,2.0,5.991464547107982,0,0,0,0,0,0,1049088,0,1024,0,0,Intel,1.1,Intel Celeron,Intel,1,Intel Graphics
643,Asus,VivoBook Pro,Notebook,15.6,8.0,Windows 10,1.99,6.810825788802163,1,0,0,0,0,0,2073600,0,1024,0,0,Intel,2.5,Intel i5,Nvidia,0,Nvidia GeForce
644,Dell,XPS 13,Ultrabook,13.3,8.0,Windows 10,1.23,7.533693709848633,0,0,0,1,1,0,5760000,256,0,0,0,Intel,1.6,Intel i5,Intel,1,Intel Graphics
645,Lenovo,IdeaPad 100S-14IBR,Notebook,14.0,2.0,Windows 10,1.42,5.521460917862246,0,0,0,0,0,0,1049088,0,0,32,0,Intel,1.6,Intel Celeron,Intel,1,Intel Graphics
646,Lenovo,Thinkpad Yoga,2 in 1 Convertible,13.3,8.0,Windows 10,1.37,7.472170957561016,1,1,0,1,0,0,2073600,256,0,0,0,Intel,2.7,Intel i7,Intel,1,Intel Graphics
647,Dell,XPS 15,Notebook,15.6,16.0,Windows 10,2.06,7.783224016336037,0,0,0,1,0,1,8294400,1024,0,0,0,Intel,2.8,Intel i7,Nvidia,0,Nvidia GeForce
648,Lenovo,Legion Y520-15IKBN,Gaming,15.6,8.0,Windows 10,2.5,7.01211529430638,1,1,0,0,0,0,2073600,128,1024,0,0,Intel,2.8,Intel i7,Nvidia,0,Nvidia GeForce
649,HP,17-AK091ND (A9-9420/8GB/1TB/W10),Notebook,17.0,8.0,Windows 10,2.6,6.257475998649367,0,0,0,0,0,0,1440000,0,1024,0,0,AMD,3.0,AMD A-Series,AMD,0,AMD Radeon
650,Lenovo,ThinkPad X1,Ultrabook,14.0,16.0,Windows 10,1.14,7.804251383528112,1,1,0,0,0,0,2073600,512,0,0,0,Intel,2.7,Intel i7,Intel,1,Intel Graphics
651,Asus,ROG GL553VE-FY022,Gaming,15.6,8.0,No OS,2.5,7.064759027791802,1,1,0,0,0,0,2073600,0,1024,0,0,Intel,2.8,Intel i7,Nvidia,0,Nvidia GeForce
652,Acer,Extensa EX2540,Notebook,15.6,4.0,Windows 10,2.4,6.111467339502679,0,0,0,0,0,0,1049088,0,500,0,0,Intel,2.0,Intel i3,Intel,1,Intel Graphics
653,Lenovo,IdeaPad 100S-14IBR,Notebook,14.0,4.0,Windows 10,1.43,5.616771097666572,0,0,0,0,0,0,1049088,0,0,32,0,Intel,1.6,Intel Celeron,Intel,1,Intel Graphics
654,Acer,Swift 3,Ultrabook,14.0,8.0,Windows 10,1.8,6.824373670043086,1,1,0,0,0,0,2073600,256,0,0,0,Intel,2.5,Intel i5,Intel,1,Intel Graphics
655,Razer,Blade Pro,Gaming,14.0,16.0,Windows 10,1.95,7.8632667240095735,1,0,0,0,0,0,2073600,256,0,0,0,Intel,2.8,Intel i7,Nvidia,0,Nvidia GeForce
656,Toshiba,Portege Z30-C-16J,Notebook,13.3,8.0,Windows 10,1.2,7.101675971619444,1,0,0,0,0,0,2073600,256,0,0,0,Intel,2.3,Intel i5,Intel,1,Intel Graphics
657,Lenovo,Thinkpad X270,Ultrabook,12.5,8.0,Windows 10,1.36,7.368339686311381,1,1,0,0,0,0,2073600,256,0,0,0,Intel,2.7,Intel i7,Intel,1,Intel Graphics
658,Asus,ROG G701VI,Gaming,17.3,32.0,Windows 10,3.8,7.937374696163295,1,1,0,0,0,0,2073600,512,0,0,0,Intel,2.7,Intel i7,Nvidia,0,Nvidia GeForce
659,Acer,A715-71G-59DH (i5-7300HQ/8GB/1TB/GeForce,Gaming,15.6,8.0,Linux,2.4,6.565264970035361,1,0,0,0,0,0,2073600,0,1024,0,0,Intel,2.5,Intel i5,Nvidia,0,Nvidia GeForce
660,Dell,XPS 13,Ultrabook,13.3,8.0,Windows 10,1.2,7.279939332521639,1,0,0,0,0,0,2073600,256,0,0,0,Intel,1.6,Intel i5,Intel,1,Intel Graphics
661,MSI,GL62M 7REX,Gaming,15.6,8.0,Windows 10,2.2,7.084058763450528,1,0,0,0,0,0,2073600,128,1024,0,0,Intel,2.8,Intel i7,Nvidia,0,Nvidia GeForce
662,HP,250 G6,Notebook,15.6,4.0,No OS,1.86,5.902360072025161,0,0,0,0,0,0,1049088,0,500,0,0,Intel,2.0,Intel i3,Intel,1,Intel Graphics
663,Toshiba,Tecra A50-D-11M,Notebook,15.6,8.0,Windows 10,2.0,6.970730078143525,1,1,0,0,0,0,2073600,0,500,0,0,Intel,2.5,Intel i5,Intel,1,Intel Graphics
664,Dell,Inspiron 5570,Notebook,15.6,8.0,Windows 10,2.2,6.824373670043086,1,0,0,0,0,0,2073600,256,0,0,0,Intel,1.8,Intel i7,AMD,0,AMD Radeon
665,Dell,Inspiron 5570,Notebook,15.6,16.0,Windows 10,2.2,7.035268599281097,1,0,0,0,0,0,2073600,256,2048,0,0,Intel,1.8,Intel i7,AMD,0,AMD Radeon
666,Lenovo,IdeaPad Y700-15ISK,Gaming,15.6,8.0,Windows 10,3.31,7.087573705557973,1,1,0,0,0,0,2073600,128,1024,0,0,Intel,2.6,Intel i7,Nvidia,0,Nvidia GeForce
667,Dell,Alienware 17,Gaming,17.3,32.0,Windows 10,4.42,8.054640137573424,0,1,0,0,0,1,8294400,512,1024,0,0,Intel,2.8,Intel i7,Nvidia,0,Nvidia GeForce
668,Dell,Latitude E7470,Notebook,14.0,8.0,Windows 10,1.56,7.114769448366463,1,0,0,0,0,0,2073600,256,0,0,0,Intel,2.4,Intel i5,Intel,1,Intel Graphics
669,Lenovo,Ideapad 320-15IAP,Notebook,15.6,4.0,Windows 10,2.2,6.040254711277414,0,0,0,0,0,0,1049088,0,500,0,0,Intel,1.1,Intel Celeron,Intel,1,Intel Graphics
670,Lenovo,IdeaPad 320-15ISK,Notebook,15.6,4.0,Windows 10,2.2,6.284134161070802,1,0,0,0,0,0,2073600,0,500,0,0,Intel,2.3,Intel i5,Intel,1,Intel Graphics
671,HP,15-ay047nv (i3-6006U/6GB/1TB/Radeon,Notebook,15.6,6.0,Windows 10,2.04,6.29156913955832,0,0,0,0,0,0,2073600,0,1024,0,0,Intel,2.0,Intel i3,AMD,0,AMD Radeon
672,MSI,GP72VR Leopard,Gaming,17.3,8.0,Windows 10,2.7,7.305033633553407,1,0,0,0,0,0,2073600,128,1024,0,0,Intel,2.8,Intel i7,Nvidia,0,Nvidia GeForce
673,Toshiba,Satellite Pro,Notebook,15.6,4.0,Windows 10,2.1,6.212606095751519,0,0,0,0,0,0,1049088,128,0,0,0,Intel,2.1,Intel i3,Intel,1,Intel Graphics
674,Dell,Latitude 3580,Notebook,15.6,8.0,Windows 10,2.06,6.862757913051401,1,0,0,0,0,0,2073600,0,1024,0,0,Intel,2.5,Intel i5,Intel,1,Intel Graphics
675,HP,15-bs012nv (i7-7500U/8GB/1TB/Radeon,Notebook,15.6,8.0,Windows 10,2.1,6.61472560020376,1,0,0,0,0,0,2073600,0,1024,0,0,Intel,2.7,Intel i7,AMD,0,AMD Radeon
676,Toshiba,Tecra Z50-D-10E,Notebook,15.6,8.0,Windows 10,2.0,7.138073034044347,1,1,0,0,0,0,2073600,256,0,0,0,Intel,2.5,Intel i5,Intel,1,Intel Graphics
677,Acer,Aspire 3,Notebook,15.6,4.0,Linux,2.1,6.023447592961033,0,0,0,0,0,0,1049088,128,0,0,0,Intel,2.0,Intel i3,Intel,1,Intel Graphics
678,Microsoft,Surface Laptop,Ultrabook,13.5,8.0,Windows 10 S,1.252,7.533078547412982,0,0,0,1,0,0,3393024,256,0,0,0,Intel,2.8,Intel i7,Intel,1,Intel Graphics
679,Lenovo,V310-15ISK (i5-7200U/8GB/1TB,Notebook,15.6,8.0,Windows 10,1.9,6.708023031928389,1,0,0,0,0,0,2073600,128,1024,0,0,Intel,2.5,Intel i5,AMD,0,AMD Radeon
680,Lenovo,Yoga 720-13IKB,2 in 1 Convertible,13.3,8.0,Windows 10,1.3,6.942156705699469,1,1,0,1,0,0,2073600,256,0,0,0,Intel,2.5,Intel i5,Intel,1,Intel Graphics
681,Lenovo,IdeaPad 320-15AST,Notebook,15.6,4.0,Windows 10,2.2,5.857933154483459,0,0,0,0,0,0,1049088,128,0,0,0,AMD,2.2,AMD Other,AMD,0,AMD Radeon
682,HP,Pavilion X360,2 in 1 Convertible,14.0,4.0,Windows 10,1.63,6.551080335043404,1,1,0,1,0,0,2073600,128,0,0,0,Intel,2.4,Intel i3,Nvidia,0,Nvidia GeForce
683,MSI,GP62 7RDX,Gaming,15.6,16.0,Windows 10,2.4,7.166265974133638,1,0,0,0,0,0,2073600,256,1024,0,0,Intel,2.8,Intel i7,Nvidia,0,Nvidia GeForce
684,Asus,Zenbook 3,Ultrabook,14.0,8.0,Windows 10,1.1,7.035268599281097,1,0,0,0,0,0,2073600,256,0,0,0,Intel,2.5,Intel i5,Intel,1,Intel Graphics
685,HP,Chromebook X360,2 in 1 Convertible,11.6,8.0,Chrome OS,1.4,6.206575926724928,0,0,0,1,0,0,1049088,0,0,64,0,Intel,1.1,Intel Celeron,Intel,1,Intel Graphics
686,LG,Gram 15Z975,Ultrabook,15.6,8.0,Windows 10,1.09,7.7406644019172415,1,1,0,0,0,0,2073600,512,0,0,0,Intel,1.8,Intel i7,Intel,1,Intel Graphics
687,Acer,Aspire VX5-591G,Gaming,15.6,16.0,Windows 10,2.5,7.170119543449628,1,0,0,0,0,0,2073600,256,0,0,0,Intel,2.5,Intel i5,Nvidia,0,Nvidia GeForce
688,MSI,GV62M 7RD,Gaming,15.6,8.0,Windows 10,2.2,6.906654673538104,1,0,0,0,0,0,2073600,256,0,0,0,Intel,2.5,Intel i5,Nvidia,0,Nvidia GeForce
689,Asus,L502NA-GO052T (N3350/4GB/128GB/W10),Notebook,15.6,4.0,Windows 10,1.86,6.040254711277414,0,0,0,0,0,0,1049088,128,0,0,0,Intel,1.1,Intel Celeron,Intel,1,Intel Graphics
690,Dell,Alienware 15,Gaming,15.6,16.0,Windows 10,3.21,7.62657020629066,1,0,0,0,0,0,2073600,128,1024,0,0,Intel,2.5,Intel i5,Nvidia,0,Nvidia GeForce
691,HP,17-bs000nv I3,Notebook,17.3,4.0,Windows 10,2.5,6.551080335043404,1,1,0,0,0,0,2073600,256,0,0,0,Intel,2.0,Intel i3,AMD,0,AMD Radeon
692,Lenovo,Yoga 730,2 in 1 Convertible,13.3,8.0,Windows 10,1.19,7.313220387090301,1,1,0,1,0,0,2073600,512,0,0,0,Intel,1.8,Intel i7,Intel,1,Intel Graphics
693,Dell,Alienware 15,Gaming,15.6,16.0,Windows 10,3.49,7.94262872668324,1,0,0,0,0,0,2073600,256,1024,0,0,Intel,2.9,Intel i7,Nvidia,0,Nvidia GeForce
694,HP,250 G6,Notebook,15.6,4.0,Windows 10,1.86,6.4193595471823075,0,0,0,0,0,0,1049088,0,500,0,0,Intel,2.5,Intel i5,AMD,0,AMD Radeon
695,Dell,Inspiron 3567,Notebook,15.6,4.0,Windows 10,2.2,6.30384532969252,0,0,0,0,0,0,1049088,0,1024,0,0,Intel,2.0,Intel i3,AMD,0,AMD Radeon
696,HP,17-Y002nv (A10-9600P/6GB/2TB/Radeon,Notebook,17.3,6.0,Windows 10,2.65,6.345636360828596,1,1,0,0,0,0,2073600,0,2048,0,0,AMD,2.4,AMD A-Series,AMD,0,AMD Radeon
697,Lenovo,V110-15ISK (3855U/4GB/500GB/W10),Notebook,15.6,4.0,Windows 10,2.1,5.765191102784844,0,0,0,0,0,0,1049088,0,500,0,0,Intel,1.6,Intel Celeron,Intel,1,Intel Graphics
698,Acer,Chromebook 14,Notebook,14.0,4.0,Chrome OS,1.45,5.929589143389895,0,0,0,0,0,0,1049088,0,0,32,0,Intel,1.6,Intel Celeron,Intel,1,Intel Graphics
699,Lenovo,IdeaPad 520s-14IKB,Notebook,14.0,4.0,Windows 10,1.7,6.551080335043404,1,0,0,0,0,0,2073600,256,0,0,0,Intel,2.5,Intel i5,Intel,1,Intel Graphics
700,HP,ZBook 17,Workstation,17.3,8.0,Windows 10,3.14,7.554329585367344,1,0,0,0,0,0,2073600,0,500,0,0,Intel,2.8,Intel i7,Nvidia,0,Nvidia Quadro
701,Lenovo,ThinkPad X1,2 in 1 Convertible,14.0,8.0,Windows 10,1.42,7.85979918056211,0,0,0,1,0,0,3686400,256,0,0,0,Intel,2.7,Intel i7,Intel,1,Intel Graphics
702,Toshiba,Satellite Pro,Notebook,13.3,8.0,Windows 10,1.5,6.881411303642535,1,1,0,0,0,0,2073600,256,0,0,0,Intel,2.5,Intel i5,Intel,1,Intel Graphics
703,Acer,TravelMate B117-M,Netbook,11.6,4.0,Windows 10,1.4,5.598421958998375,0,0,0,0,0,0,1049088,0,0,32,0,Intel,1.6,Intel Celeron,Intel,1,Intel Graphics
704,Lenovo,Yoga 910-13IKB,2 in 1 Convertible,14.0,16.0,Windows 10,1.38,7.4673710669175595,1,0,0,1,0,0,2073600,512,0,0,0,Intel,2.7,Intel i7,Intel,1,Intel Graphics
705,Asus,Chromebook Flip,2 in 1 Convertible,12.5,4.0,Chrome OS,1.2,6.507277712385012,1,0,0,1,0,0,2073600,0,0,64,0,Intel,0.9,Intel Other,Intel,1,Intel Graphics
706,Toshiba,Portege Z30T-C-133,Ultrabook,13.3,16.0,Windows 10,1.36,7.537962659768208,1,0,0,1,0,0,2073600,512,0,0,0,Intel,2.5,Intel i7,Intel,1,Intel Graphics
707,HP,15-bs011nv (i7-7500U/4GB/500GB/Radeon,Notebook,15.6,4.0,Windows 10,2.1,6.536691597591305,1,1,0,0,0,0,2073600,0,500,0,0,Intel,2.7,Intel i7,AMD,0,AMD Radeon
708,Dell,Inspiron 5577,Gaming,15.6,8.0,Windows 10,2.56,6.709304340258298,1,0,0,0,0,0,2073600,0,1024,0,0,Intel,2.5,Intel i5,Nvidia,0,Nvidia GeForce
709,Lenovo,IdeaPad 320-15AST,Notebook,15.6,4.0,Windows 10,2.2,5.991464547107982,1,0,0,0,0,0,2073600,256,0,0,0,AMD,2.9,AMD A-Series,AMD,0,AMD Radeon
710,Lenovo,IdeaPad 320-15ABR,Notebook,15.6,8.0,Windows 10,2.2,6.063785208687608,0,0,0,0,0,0,1049088,0,1024,0,0,AMD,3.6,AMD Other,AMD,0,AMD Radeon
711,Lenovo,V310-15IKB (i5-7200U/4GB/1TB/FHD/W10),Notebook,15.6,4.0,Windows 10,2.1,6.433663303827795,1,0,0,0,0,0,2073600,0,2048,0,0,Intel,2.5,Intel i5,Intel,1,Intel Graphics
712,Lenovo,V310-15ISK (i3-6006U/4GB/500GB/No,Notebook,15.6,4.0,No OS,1.9,6.111467339502679,0,0,0,0,0,0,1049088,0,500,0,0,Intel,2.0,Intel i3,Intel,1,Intel Graphics
713,Dell,Vostro 5568,Notebook,15.6,8.0,Windows 10,2.18,6.679599185844383,1,0,0,0,0,0,2073600,256,0,0,0,Intel,2.5,Intel i5,Intel,1,Intel Graphics
714,Acer,Spin 5,2 in 1 Convertible,13.3,8.0,Windows 10,1.6,6.907755278982137,1,1,0,1,0,0,2073600,256,0,0,0,Intel,1.6,Intel i5,Intel,1,Intel Graphics
715,Lenovo,ThinkPad P51s,Workstation,15.6,16.0,Windows 7,2.18,7.526178913346146,1,0,0,0,0,0,2073600,512,0,0,0,Intel,2.5,Intel i7,Nvidia,0,Nvidia Quadro
716,Lenovo,Thinkpad T460p,Notebook,14.0,8.0,Windows 10,1.8,7.083387847625295,1,0,0,0,0,0,2073600,256,0,0,0,Intel,2.3,Intel i5,Intel,1,Intel Graphics
717,HP,17-ak002nv (A10-9620P/6GB/2TB/Radeon,Notebook,17.3,6.0,Windows 10,2.71,6.486176032730341,1,1,0,0,0,0,2073600,0,2048,0,0,AMD,2.5,AMD A-Series,AMD,0,AMD Radeon
718,Lenovo,Legion Y520-15IKBN,Gaming,15.6,8.0,Windows 10,2.5,7.1308988302963465,1,1,0,0,0,0,2073600,128,1024,0,0,Intel,2.8,Intel i7,Nvidia,0,Nvidia GeForce
719,Dell,Latitude 5480,Notebook,14.0,8.0,Linux,1.64,6.993932975223189,1,0,0,0,0,0,2073600,256,0,0,0,Intel,2.8,Intel i5,Nvidia,0,Nvidia GeForce
720,Dell,Vostro 5568,Notebook,15.6,8.0,Linux,1.98,6.588926477533519,1,0,0,0,0,0,2073600,0,1024,0,0,Intel,2.5,Intel i5,Intel,1,Intel Graphics
721,Asus,VivoBook E403NA,Notebook,14.0,4.0,Windows 10,1.5,5.700443573390687,1,0,0,0,0,0,2073600,0,0,32,0,Intel,1.1,Intel Celeron,Intel,1,Intel Graphics
722,Dell,Latitude 5580,Notebook,15.6,16.0,Windows 10,1.93,7.263792019312263,1,0,0,0,0,0,2073600,512,0,0,0,Intel,2.6,Intel i5,Intel,1,Intel Graphics
723,Lenovo,Thinkpad E470,Notebook,14.0,8.0,Windows 10,1.87,6.754685681241666,1,1,0,0,0,0,2073600,256,0,0,0,Intel,2.5,Intel i5,Nvidia,0,Nvidia GeForce
724,Dell,Latitude 5580,Notebook,15.6,8.0,Windows 10,1.9,7.07326971745971,1,0,0,0,0,0,2073600,256,0,0,0,Intel,2.6,Intel i5,Intel,1,Intel Graphics
725,Lenovo,110-15ACL (A6-7310/4GB/500GB/W10),Notebook,15.6,4.0,Windows 10,2.19,5.700443573390687,0,0,0,0,0,0,1049088,0,500,0,0,AMD,2.0,AMD A-Series,AMD,0,AMD Radeon
726,Mediacom,Smartbook 142,Notebook,14.0,4.0,Windows 10,1.4,5.583496308781699,1,1,0,0,0,0,2304000,0,32,0,0,Intel,1.92,Intel Other,Intel,1,Intel Graphics
727,HP,ProBook 470,Notebook,17.3,8.0,Windows 10,2.63,7.0909098220799835,1,0,0,0,0,0,2073600,256,0,0,0,Intel,2.7,Intel i7,Nvidia,0,Nvidia GeForce
728,Lenovo,ThinkPad X1,Ultrabook,14.0,8.0,Windows 10,1.17,7.431086382268411,0,1,0,0,1,0,3686400,512,0,0,0,Intel,2.5,Intel i7,Intel,1,Intel Graphics
729,HP,Pavilion X360,2 in 1 Convertible,13.3,8.0,Windows 10,1.58,6.730540659556327,0,1,0,1,0,0,1049088,256,0,0,0,Intel,2.5,Intel i5,Intel,1,Intel Graphics
730,Lenovo,ThinkPad T470s,Ultrabook,14.0,8.0,Windows 10,1.32,7.313220387090301,1,1,0,0,0,0,2073600,256,0,0,0,Intel,2.5,Intel i5,Intel,1,Intel Graphics
731,Dell,Alienware 17,Gaming,17.3,32.0,Windows 10,4.36,8.205327710041223,0,0,0,0,0,1,8294400,1024,1024,0,0,Intel,2.8,Intel i7,Nvidia,0,Nvidia GeForce
732,MSI,GL72M 7REX,Gaming,17.3,8.0,Windows 10,2.7,7.207474612044422,1,0,0,0,0,0,2073600,128,1024,0,0,Intel,2.8,Intel i7,Nvidia,0,Nvidia GeForce
733,Lenovo,V310-15IKB (i5-7200U/4GB/1TB/No,Notebook,15.6,4.0,No OS,1.9,6.196240441064007,0,0,0,0,0,0,1049088,0,1024,0,0,Intel,2.5,Intel i5,Intel,1,Intel Graphics
734,Dell,Inspiron 5570,Notebook,15.6,8.0,Windows 10,2.2,6.579251212010101,1,0,0,0,0,0,2073600,128,1024,0,0,Intel,1.6,Intel i5,AMD,0,AMD Radeon
735,Dell,Inspiron 5378,2 in 1 Convertible,13.3,4.0,Windows 10,1.71,6.476972362889683,1,0,0,1,0,0,2073600,0,1024,0,0,Intel,2.4,Intel i3,Intel,1,Intel Graphics
736,Dell,Inspiron 5567,Notebook,15.6,8.0,Linux,2.32,6.3810035046658875,0,0,0,0,0,0,1049088,0,1024,0,0,Intel,2.5,Intel i5,AMD,0,AMD Radeon
737,HP,15-BW037na (A9-9420/4GB/1TB/Radeon,Notebook,15.6,4.0,Windows 10,2.1,6.194405391104672,1,0,0,0,0,0,2073600,0,1024,0,0,AMD,3.0,AMD A-Series,AMD,0,AMD Radeon
738,Acer,Predator 17,Gaming,17.3,16.0,Windows 10,4.2,7.568379267836522,1,1,0,0,0,0,2073600,128,1024,0,0,Intel,2.6,Intel i7,Nvidia,0,Nvidia GeForce
739,Dell,Inspiron 3567,Notebook,15.6,12.0,Windows 10,2.25,6.476972362889683,0,0,0,0,0,0,1049088,0,1024,0,0,Intel,2.5,Intel i5,Intel,1,Intel Graphics
740,HP,15-BW091ND (A9-9420/6GB/1TB,Notebook,15.6,6.0,Windows 10,2.1,6.478509642208569,1,0,0,0,0,0,2073600,128,1024,0,0,AMD,3.0,AMD A-Series,AMD,0,AMD Radeon
741,Acer,Extensa EX2540-58KR,Notebook,15.6,4.0,Windows 10,2.4,6.327936783729195,0,0,0,0,0,0,1049088,0,500,0,0,Intel,2.5,Intel i5,Intel,1,Intel Graphics
742,Lenovo,ThinkPad 13,Notebook,13.3,8.0,Windows 10,1.44,6.8679744089702925,1,1,0,0,0,0,2073600,256,0,0,0,Intel,2.5,Intel i5,Intel,1,Intel Graphics
743,Lenovo,V310-15IKB (i7-7500U/4GB/1TB/FHD/W10),Notebook,15.6,4.0,Windows 10,1.85,6.659293919683638,1,0,0,0,0,0,2073600,0,1024,0,0,Intel,2.7,Intel i7,Intel,1,Intel Graphics
744,HP,ZBook 15,Workstation,15.6,16.0,Windows 10,2.6,7.791522819150732,1,0,0,0,0,0,2073600,256,0,0,0,Intel,2.8,Intel i7,Nvidia,0,Nvidia Quadro
745,Dell,Inspiron 5379,2 in 1 Convertible,13.3,8.0,Windows 10,1.55,6.492239835020471,1,0,0,1,0,0,2073600,0,1024,0,0,Intel,1.6,Intel i5,Intel,1,Intel Graphics
746,MSI,GS63VR 7RF,Gaming,15.6,16.0,Windows 10,1.8,7.647537923058067,1,0,0,0,0,0,2073600,256,1024,0,0,Intel,2.8,Intel i7,Nvidia,0,Nvidia GeForce
747,Acer,Aspire ES1-572,Notebook,15.6,4.0,Windows 10,2.4,6.0205377945936895,0,0,0,0,0,0,1049088,0,500,0,0,Intel,2.0,Intel i3,Intel,1,Intel Graphics
748,Dell,Inspiron 7560,Notebook,15.6,8.0,Windows 10,2.0,7.0967213784947605,1,0,0,0,0,0,2073600,128,1024,0,0,Intel,2.7,Intel i7,Nvidia,0,Nvidia GeForce
749,Dell,Vostro 3568,Notebook,15.6,8.0,Windows 10,2.0,6.501289670540389,0,0,0,0,0,0,1049088,256,0,0,0,Intel,2.0,Intel i3,Intel,1,Intel Graphics
750,Toshiba,Tecra X40-D-10G,Notebook,14.0,8.0,Windows 10,1.25,7.336936913707618,1,1,0,1,0,0,2073600,256,0,0,0,Intel,2.5,Intel i5,Intel,1,Intel Graphics
751,Lenovo,Flex 5,2 in 1 Convertible,14.0,8.0,Windows 10,1.7,6.907755278982137,1,0,0,1,0,0,2073600,256,0,0,0,Intel,2.5,Intel i5,Intel,1,Intel Graphics
752,Lenovo,Thinkpad P51s,Workstation,15.6,16.0,Windows 10,2.5,8.101677747454572,0,1,0,0,0,1,8294400,1024,0,0,0,Intel,2.8,Intel i7,Nvidia,0,Nvidia Quadro
753,Acer,Chromebook 14,Notebook,14.0,2.0,Chrome OS,1.68,5.802118375377063,0,0,0,0,0,0,1049088,0,0,32,0,Intel,1.6,Intel Celeron,Intel,1,Intel Graphics
754,Samsung,Notebook 9,Ultrabook,13.3,16.0,Windows 10,0.81,7.408530566894626,1,0,0,0,0,0,2073600,256,0,0,0,Intel,2.7,Intel i7,Intel,1,Intel Graphics
755,HP,250 G6,Notebook,15.6,8.0,Windows 10,1.86,6.29156913955832,1,0,0,0,0,0,2073600,256,0,0,0,Intel,2.0,Intel i3,Intel,1,Intel Graphics
757,Dell,Latitude 5480,Notebook,14.0,8.0,Windows 10,1.6,7.027944306805558,0,0,0,0,0,0,1049088,256,0,0,0,Intel,2.5,Intel i5,Intel,1,Intel Graphics
758,HP,Zbook 17,Workstation,17.3,16.0,Windows 7,3.0,8.387084506069217,1,1,0,0,0,0,2073600,256,0,0,0,Intel,2.9,Intel Other,Nvidia,0,Nvidia Quadro
759,Lenovo,N23 (N3060/4GB/128GB/W10),Netbook,11.6,4.0,Windows 10,1.4,6.16541785423142,0,0,0,1,0,0,1049088,128,0,0,0,Intel,1.6,Intel Celeron,Intel,1,Intel Graphics
760,HP,EliteBook 850,Notebook,15.6,8.0,Windows 10,1.84,7.550135342488429,1,0,0,0,0,0,2073600,256,0,0,0,Intel,2.4,Intel i5,Intel,1,Intel Graphics
761,Asus,X550VX-XX015D (i5-6300HQ/4GB/1TB/GeForce,Notebook,15.6,4.0,No OS,2.45,6.363028103540465,0,0,0,0,0,0,1049088,0,1024,0,0,Intel,2.3,Intel i5,Nvidia,0,Nvidia GeForce
762,Lenovo,Thinkpad T460,Ultrabook,14.0,4.0,Windows 10,1.7,7.00033446027523,1,0,0,0,0,0,2073600,180,0,0,0,Intel,2.3,Intel i5,Intel,1,Intel Graphics
763,Asus,Pro P2540UA-XO0192R,Notebook,15.6,4.0,Windows 10,2.37,6.746294612855512,0,0,0,0,0,0,1049088,256,0,0,0,Intel,2.7,Intel i7,Intel,1,Intel Graphics
764,Lenovo,Yoga 900-13ISK,2 in 1 Convertible,13.3,8.0,Windows 10,1.3,7.090076835776092,0,1,0,1,1,0,5760000,256,0,0,0,Intel,1.8,Intel i5,Intel,1,Intel Graphics
765,HP,15-cb003na (i5-7300HQ/8GB/1TB,Notebook,15.6,8.0,Windows 10,2.2,7.003065458786462,1,1,0,0,0,0,2073600,128,1024,0,0,Intel,2.5,Intel i5,Nvidia,0,Nvidia GeForce
766,HP,ZBook 15,Workstation,15.6,8.0,Windows 7,2.59,7.3537223303996315,1,0,0,0,0,0,2073600,256,0,0,0,Intel,2.6,Intel i7,Nvidia,0,Nvidia Quadro
767,Dell,Alienware 17,Gaming,15.6,16.0,Windows 10,4.42,7.962063824427039,0,1,0,0,0,1,8294400,256,1024,0,0,Intel,2.8,Intel i7,Nvidia,0,Nvidia GeForce
768,Acer,Aspire 3,Notebook,15.6,4.0,Windows 10,2.1,6.396929655216146,0,0,0,0,0,0,1049088,256,0,0,0,Intel,2.5,Intel i5,Intel,1,Intel Graphics
769,Lenovo,Legion Y520-15IKBN,Gaming,15.6,8.0,Windows 10,2.5,6.955592608396297,1,1,0,0,0,0,2073600,128,1024,0,0,Intel,2.8,Intel i7,Nvidia,0,Nvidia GeForce
770,Dell,Latitude 7280,Ultrabook,12.5,16.0,Windows 10,1.18,7.528331766707247,1,0,0,0,0,0,2073600,256,0,0,0,Intel,2.8,Intel i7,Intel,1,Intel Graphics
771,Google,Pixelbook (Core,Ultrabook,12.3,8.0,Chrome OS,1.1,7.352441100243583,0,0,0,1,0,0,3840000,256,0,0,0,Intel,1.2,Intel i5,Intel,1,Intel Graphics
772,Asus,Zenbook UX330UA-AH5Q,Ultrabook,13.3,8.0,Windows 10,1.2,7.029972911706386,0,1,0,0,1,0,5760000,256,0,0,0,Intel,2.5,Intel i5,Intel,1,Intel Graphics
773,Dell,Latitude 3380,Notebook,13.3,4.0,Windows 10,1.65,6.745236349484363,0,0,0,0,0,0,1049088,0,500,0,0,Intel,2.0,Intel i3,Intel,1,Intel Graphics
774,Acer,TravelMate P238-M,Notebook,13.3,4.0,Windows 10,1.6,6.486160788944089,0,0,0,0,0,0,1049088,128,0,0,0,Intel,2.3,Intel i5,Intel,1,Intel Graphics
775,Asus,X751NV-TY001 (N4200/4GB/1TB/GeForce,Notebook,17.3,4.0,Windows 10,2.8,6.155579701959949,0,0,0,0,0,0,1049088,0,1024,0,0,Intel,1.1,Intel Pentium,Nvidia,0,Nvidia GeForce
776,Dell,Inspiron 7559,Gaming,15.6,16.0,Windows 10,2.72,7.003065458786462,0,1,0,1,0,1,8294400,128,1024,0,0,Intel,2.6,Intel i7,Nvidia,0,Nvidia GeForce
777,Samsung,Notebook 9,Ultrabook,13.3,8.0,Windows 10,1.31,7.3777589082278725,1,0,0,1,0,0,2073600,256,0,0,0,Intel,2.7,Intel i7,Intel,1,Intel Graphics
778,Acer,Aspire A315-31,Notebook,15.6,4.0,Linux,2.1,5.700443573390687,0,0,0,0,0,0,1049088,0,1024,0,0,Intel,1.1,Intel Pentium,Intel,1,Intel Graphics
779,Dell,Inspiron 5567,Notebook,15.6,16.0,Windows 10,2.3,7.075191598276645,1,0,0,0,0,0,2073600,256,0,0,0,Intel,2.7,Intel i7,AMD,0,AMD Radeon
780,Samsung,Notebook 9,2 in 1 Convertible,15.0,16.0,Windows 10,1.71,7.495541943884256,1,0,0,1,0,0,2073600,256,0,0,0,Intel,2.7,Intel i7,AMD,0,AMD Radeon
781,Toshiba,Tecra A40-C-1E5,Notebook,14.0,4.0,Windows 10,1.75,6.928537818164665,0,1,0,0,0,0,1049088,128,0,0,0,Intel,2.3,Intel i5,Intel,1,Intel Graphics
782,Dell,Inspiron 7567,Gaming,15.6,8.0,Windows 10,2.62,7.003065458786462,1,0,0,0,0,0,2073600,0,1024,0,0,Intel,2.8,Intel i7,Nvidia,0,Nvidia GeForce
783,HP,EliteBook 820,Ultrabook,12.5,4.0,Windows 10,1.26,7.126890808898808,0,0,0,0,0,0,1049088,256,0,0,0,Intel,2.3,Intel i5,Intel,1,Intel Graphics
784,Asus,Q524UQ-BHI7T15 (i7-7500U/12GB/2TB/GeForce,2 in 1 Convertible,15.6,12.0,Windows 10,2.3,6.733401891837359,1,0,0,1,0,0,2073600,0,2048,0,0,Intel,2.7,Intel i7,Nvidia,0,Nvidia GeForce
785,Lenovo,Thinkpad P50,Notebook,15.6,16.0,Windows 7,2.5,7.771067086065406,0,0,0,0,0,1,8294400,512,0,0,0,Intel,2.7,Intel i7,Nvidia,0,Nvidia Quadro
786,Acer,Swift 3,Notebook,14.0,4.0,Windows 10,1.8,6.456769655572163,1,1,0,0,0,0,2073600,128,0,0,0,Intel,2.4,Intel i3,Intel,1,Intel Graphics
787,Razer,Blade Pro,Gaming,14.0,16.0,Windows 10,1.95,7.9724660159745655,1,0,0,0,0,0,2073600,512,0,0,0,Intel,2.8,Intel i7,Nvidia,0,Nvidia GeForce
788,Asus,Vivobook Max,Notebook,15.6,8.0,Windows 10,2.0,6.368015645051504,0,0,0,0,0,0,2073600,128,0,0,0,Intel,1.1,Intel Pentium,Intel,1,Intel Graphics
789,Dell,Alienware 17,Gaming,17.3,32.0,Windows 10,4.42,8.18585176962404,1,1,0,0,0,0,2073600,1024,1024,0,0,Intel,2.8,Intel i7,Nvidia,0,Nvidia GeForce
790,Asus,Rog G752VS-BA171T,Gaming,17.3,16.0,Windows 10,4.3,7.762596048540069,1,1,0,0,0,0,2073600,256,1024,0,0,Intel,2.6,Intel i7,Nvidia,0,Nvidia GeForce
791,Toshiba,Tecra Z40-C-161,Ultrabook,14.0,16.0,Windows 10,1.47,7.475905969367397,1,1,0,0,0,0,2073600,512,0,0,0,Intel,2.6,Intel i7,Nvidia,0,Nvidia GeForce
792,Lenovo,IdeaPad 110-15IBR,Notebook,15.6,8.0,No OS,2.2,5.799092654460526,0,0,0,0,0,0,1049088,0,1024,0,0,Intel,1.6,Intel Celeron,Intel,1,Intel Graphics
793,Lenovo,ThinkPad T470s,Ultrabook,14.0,16.0,Windows 10,1.7,7.7406644019172415,1,0,0,0,0,0,2073600,512,0,0,0,Intel,2.7,Intel i7,Intel,1,Intel Graphics
794,MSI,GS43VR 7RE,Gaming,14.0,16.0,Windows 10,1.6,7.545389749611823,1,1,0,0,0,0,2073600,256,1024,0,0,Intel,2.8,Intel i7,Nvidia,0,Nvidia GeForce
795,MSI,GL62M (i5-7300HQ/8GB/1TB,Gaming,15.6,8.0,Windows 10,2.2,6.993932975223189,1,0,0,0,0,0,2073600,128,1024,0,0,Intel,2.5,Intel i5,Nvidia,0,Nvidia GeForce
796,Lenovo,Legion Y520-15IKBN,Gaming,15.6,4.0,Windows 10,2.4,6.907755278982137,1,1,0,0,0,0,2073600,0,1024,0,0,Intel,2.8,Intel i7,Nvidia,0,Nvidia GeForce
797,Acer,Predator G9-793,Gaming,17.3,16.0,Windows 10,4.2,7.7406644019172415,1,1,0,0,0,0,2073600,256,1024,0,0,Intel,2.8,Intel i7,Nvidia,0,Nvidia GeForce
798,Dell,Inspiron 7567,Gaming,15.6,8.0,Windows 10,2.62,6.893656354602635,1,0,0,0,0,0,2073600,256,0,0,0,Intel,2.5,Intel i5,Nvidia,0,Nvidia GeForce
799,Asus,FX502VM-DM560T (i7-7700HQ/8GB/1TB,Gaming,15.6,8.0,Windows 10,2.24,7.200424892944957,1,0,0,0,0,0,2073600,128,1024,0,0,Intel,2.8,Intel i7,Nvidia,0,Nvidia GeForce
800,Vero,K146 (N3350/4GB/32GB/W10),Notebook,14.0,4.0,Windows 10,1.22,5.31762967758041,0,0,0,0,0,0,2073600,0,0,32,0,Intel,1.1,Intel Celeron,Intel,1,Intel Graphics
801,Lenovo,ThinkPad Yoga,2 in 1 Convertible,13.3,8.0,Windows 10,1.37,7.58629630715272,1,1,0,1,0,0,2073600,512,0,0,0,Intel,2.7,Intel i7,Intel,1,Intel Graphics
802,Lenovo,Yoga 510-15IKB,2 in 1 Convertible,15.6,8.0,Windows 10,2.08,6.866933284461882,1,0,0,1,0,0,2073600,256,0,0,0,Intel,2.5,Intel i5,AMD,0,AMD Radeon
803,Apple,"MacBook 12""",Ultrabook,12.0,8.0,Mac OS X,0.92,7.061334366910438,0,1,1,0,0,0,3317760,0,0,512,0,Intel,1.2,Intel Other,Intel,1,Intel Graphics
804,Lenovo,ThinkPad X1,2 in 1 Convertible,14.0,8.0,Windows 10,1.42,7.754052639035757,0,1,0,1,0,0,3686400,256,0,0,0,Intel,2.5,Intel i5,Intel,1,Intel Graphics
805,Asus,R417NA-RS01 (N3350/4GB/32GB/W10),Notebook,14.0,4.0,Windows 10,1.63,5.703782474656201,0,0,0,0,0,0,1049088,0,0,32,0,Intel,1.1,Intel Celeron,Intel,1,Intel Graphics
806,Dell,Latitude 3580,Notebook,15.6,8.0,Windows 10,1.95,6.698268054115413,0,0,0,0,0,0,1049088,128,0,0,0,Intel,2.5,Intel i5,Intel,1,Intel Graphics
807,Lenovo,Yoga 910-13IKB,2 in 1 Convertible,13.9,8.0,Windows 10,1.38,7.2078598714324755,1,1,0,1,0,0,2073600,256,0,0,0,Intel,2.7,Intel i7,Intel,1,Intel Graphics
808,Dell,Vostro 5568,Notebook,15.6,8.0,Windows 10,2.0,6.606650186198215,1,0,0,0,0,0,2073600,256,0,0,0,Intel,2.0,Intel i3,AMD,0,AMD Radeon
809,HP,ZBook 17,Workstation,15.6,8.0,Windows 10,3.14,7.633321245797583,1,0,0,0,0,0,2073600,256,0,0,0,Intel,2.8,Intel i7,Nvidia,0,Nvidia Quadro
810,Asus,Pro P2540UA-XS51,Notebook,15.6,8.0,Windows 10,2.37,7.003065458786462,1,0,0,0,0,0,2073600,256,0,0,0,Intel,2.5,Intel i5,Intel,1,Intel Graphics
811,Dell,XPS 13,Ultrabook,13.3,8.0,Windows 10,1.29,7.313220387090301,1,0,0,0,0,0,2073600,256,0,0,0,Intel,2.5,Intel i5,Intel,1,Intel Graphics
812,Dell,XPS 15,Notebook,15.6,8.0,Windows 10,2.06,7.4673710669175595,0,0,0,1,0,1,8294400,256,0,0,0,Intel,2.5,Intel i5,Nvidia,0,Nvidia GeForce
813,Dell,Latitude 3180,Netbook,11.6,4.0,Windows 10,1.63,6.61338421837956,0,0,0,0,0,0,1049088,128,0,0,0,Intel,1.1,Intel Pentium,Intel,1,Intel Graphics
814,HP,EliteBook 820,Netbook,12.5,8.0,Windows 10,1.26,7.237059026124737,0,0,0,0,0,0,1049088,256,0,0,0,Intel,2.6,Intel i5,Intel,1,Intel Graphics
815,Toshiba,Satellite Pro,Notebook,15.6,4.0,Windows 10,2.1,6.660575149839686,0,0,0,0,0,0,1049088,0,500,0,0,Intel,2.3,Intel i5,Intel,1,Intel Graphics
816,HP,15-ba043na (A12-9700P/8GB/2TB/W10),Notebook,15.6,8.0,Windows 10,2.04,6.4457198193855785,0,0,0,0,0,0,1049088,0,2048,0,0,AMD,2.5,AMD Other,AMD,0,AMD Radeon
817,Dell,Inspiron 7567,Gaming,15.6,16.0,Windows 10,2.62,7.426549072397305,0,0,0,0,0,1,8294400,512,0,0,0,Intel,2.8,Intel i7,Nvidia,0,Nvidia GeForce
818,Lenovo,IdeaPad 310-15IKB,Notebook,15.6,4.0,Windows 10,2.4,6.413458957167357,1,0,0,0,0,0,2073600,0,1024,0,0,Intel,2.5,Intel i5,Nvidia,0,Nvidia GeForce
819,HP,Omen 17-an012dx,Gaming,17.3,12.0,Windows 10,3.74,7.4673710669175595,1,1,0,0,0,0,2073600,0,1024,0,0,Intel,2.8,Intel i7,AMD,0,AMD Radeon
820,MSI,GE72MVR 7RG,Gaming,17.3,16.0,Windows 10,2.9,7.789868559054706,1,0,0,0,0,0,2073600,512,1024,0,0,Intel,2.8,Intel i7,Nvidia,0,Nvidia GeForce
821,Samsung,Notebook 9,Ultrabook,13.3,8.0,Windows 10,0.81,7.313220387090301,1,0,0,0,0,0,2073600,256,0,0,0,Intel,2.5,Intel i5,Intel,1,Intel Graphics
822,Dell,Vostro 5568,Notebook,15.6,8.0,Windows 10,1.98,6.8690144506657065,1,0,0,0,0,0,2073600,0,1024,0,0,Intel,2.7,Intel i7,Nvidia,0,Nvidia GeForce
823,Dell,Vostro 3568,Notebook,15.6,8.0,Windows 10,2.18,6.673057736638866,1,0,0,0,0,0,2073600,256,0,0,0,Intel,2.5,Intel i5,AMD,0,AMD Radeon
824,Lenovo,Thinkpad T470s,Ultrabook,14.0,8.0,Windows 10,1.32,7.528331766707247,1,0,0,0,0,0,2073600,256,0,0,0,Intel,2.7,Intel i7,Intel,1,Intel Graphics
825,Razer,Blade Stealth,Ultrabook,12.5,16.0,Windows 10,1.29,7.495541943884256,0,1,0,1,0,1,8294400,512,0,0,0,Intel,2.5,Intel i7,Intel,1,Intel Graphics
826,HP,Chromebook 11,Netbook,11.6,4.0,Chrome OS,1.23,5.955837369464831,0,0,0,0,0,0,1049088,0,0,16,0,Intel,1.6,Intel Celeron,Intel,1,Intel Graphics
827,Dell,Alienware 17,Gaming,17.3,16.0,Windows 10,4.36,7.826451116270136,1,1,0,0,0,0,2073600,128,1024,0,0,Intel,2.8,Intel i7,Nvidia,0,Nvidia GeForce
828,Dell,Latitude 3480,Notebook,14.0,4.0,Windows 10,1.76,6.628041376179533,0,0,0,0,0,0,1049088,0,500,0,0,Intel,2.3,Intel i5,Intel,1,Intel Graphics
829,Lenovo,V110-15ISK (i3-6006U/4GB/500GB/W10),Notebook,15.6,4.0,Windows 10,2.1,6.196240441064007,0,0,0,0,0,0,1049088,0,500,0,0,Intel,2.0,Intel i3,Intel,1,Intel Graphics
830,Toshiba,Tecra X40-D-10Z,Ultrabook,14.0,4.0,Windows 10,1.25,6.994849985833071,0,0,0,0,0,0,1049088,128,0,0,0,Intel,2.5,Intel i5,Intel,1,Intel Graphics
831,Lenovo,Thinkpad X1,Ultrabook,14.0,8.0,Windows 10,1.13,7.824046010856292,1,1,0,0,0,0,2073600,512,0,0,0,Intel,2.7,Intel i7,Intel,1,Intel Graphics
832,MSI,GL62M 7RD,Gaming,15.6,8.0,Windows 10,2.4,7.090076835776092,1,0,0,0,0,0,2073600,256,0,0,0,Intel,2.5,Intel i5,Nvidia,0,Nvidia GeForce
833,Lenovo,ThinkPad X1,Ultrabook,14.0,8.0,Windows 10,1.13,7.53689712956617,1,1,0,0,0,0,2073600,0,0,256,0,Intel,2.5,Intel i5,Intel,1,Intel Graphics
834,Toshiba,Satellite Pro,Notebook,14.0,4.0,Windows 10,1.75,6.214608098422191,0,0,0,0,0,0,1049088,128,0,0,0,Intel,2.1,Intel Pentium,Intel,1,Intel Graphics
835,Asus,ZenBook Flip,2 in 1 Convertible,13.3,8.0,Windows 10,1.1,7.214504414151143,1,0,0,1,0,0,2073600,256,0,0,0,Intel,2.5,Intel i5,Intel,1,Intel Graphics
836,Dell,Latitude 3480,Notebook,14.0,4.0,Windows 10,1.76,6.373319789577012,0,0,0,0,0,0,1049088,0,500,0,0,Intel,2.0,Intel i3,Intel,1,Intel Graphics
837,Acer,Chromebook 11,Netbook,11.6,4.0,Chrome OS,1.35,5.87493073085203,0,1,0,0,0,0,1049088,0,0,32,0,Intel,1.6,Intel Celeron,Intel,1,Intel Graphics
838,Acer,Swift 3,Notebook,14.0,8.0,Windows 10,1.5,6.429719478039138,1,1,0,0,0,0,2073600,128,0,0,0,Intel,2.4,Intel i3,Intel,1,Intel Graphics
839,Razer,Blade Pro,Gaming,17.3,32.0,Windows 10,3.49,8.612503371220562,0,0,0,1,0,1,8294400,512,0,0,0,Intel,2.9,Intel i7,Nvidia,0,Nvidia GeForce
840,Lenovo,Thinkpad X1,Ultrabook,14.0,16.0,Windows 10,1.1,7.649692623711514,0,1,0,0,1,0,3686400,512,0,0,0,Intel,2.6,Intel i7,Intel,1,Intel Graphics
841,Asus,VivoBook Max,Notebook,15.6,4.0,Linux,2.1,6.253828811575473,1,0,0,0,0,0,2073600,0,1024,0,0,Intel,2.5,Intel i5,Nvidia,0,Nvidia GeForce
842,Lenovo,Thinkpad T460,Notebook,14.0,8.0,Windows 10,1.7,7.079184394609668,1,0,0,0,0,0,2073600,256,0,0,0,Intel,2.3,Intel i5,Intel,1,Intel Graphics
843,Lenovo,ThinkPad T470s,Notebook,14.0,8.0,Windows 10,1.32,7.409136443920128,1,1,0,0,0,0,2073600,256,0,0,0,Intel,2.6,Intel i5,Intel,1,Intel Graphics
844,Dell,Alienware 15,Gaming,15.6,16.0,Windows 10,3.21,7.928633027440826,1,0,0,0,0,0,2073600,256,1024,0,0,Intel,2.8,Intel i7,Nvidia,0,Nvidia GeForce
845,Asus,Rog GL702VS-BA023T,Gaming,17.3,16.0,Windows 10,2.9,7.791522819150732,1,0,0,0,0,0,2073600,256,1024,0,0,Intel,2.8,Intel i7,Nvidia,0,Nvidia GeForce
846,Toshiba,Satellite Pro,Notebook,15.6,4.0,Windows 10,2.0,6.507277712385012,0,0,0,0,0,0,1049088,0,500,0,0,Intel,2.4,Intel i3,Intel,1,Intel Graphics
847,Lenovo,N42-20 Chromebook,Notebook,14.0,4.0,Chrome OS,1.5,5.786897381366708,0,0,0,0,0,0,1049088,0,0,16,0,Intel,1.6,Intel Celeron,Intel,1,Intel Graphics
848,Asus,R558UA-DM966T (i5-7200U/8GB/128GB/FHD/W10),Notebook,15.6,8.0,Windows 10,2.3,6.3818160174060985,1,0,0,0,0,0,2073600,0,128,0,0,Intel,2.5,Intel i5,Intel,1,Intel Graphics
849,Asus,Rog GL702VM-GC017T,Gaming,17.3,16.0,Windows 10,2.73,7.495541943884256,1,0,0,0,0,0,2073600,512,1024,0,0,Intel,2.6,Intel i7,Nvidia,0,Nvidia GeForce
851,Dell,Alienware 17,Gaming,17.3,32.0,Windows 10,4.42,8.030699139463483,1,1,0,0,0,0,2073600,512,1024,0,0,Intel,2.8,Intel i7,Nvidia,0,Nvidia GeForce
852,HP,ProBook 470,Notebook,17.3,8.0,Windows 10,2.63,6.814542897259958,0,0,0,0,0,0,1440000,0,1024,0,0,Intel,2.5,Intel i5,Nvidia,0,Nvidia GeForce
853,Dell,Vostro 3568,Notebook,15.6,8.0,Windows 10,2.18,6.572268556582216,0,0,0,0,0,0,1049088,128,0,0,0,Intel,2.5,Intel i5,Intel,1,Intel Graphics
854,HP,EliteBook 840,Ultrabook,14.0,8.0,Windows 7,1.54,7.534228326274089,1,0,0,0,0,0,2073600,512,0,0,0,Intel,2.5,Intel i7,Intel,1,Intel Graphics
855,Dell,Vostro 3568,Notebook,15.6,4.0,Windows 10,2.18,6.606650186198215,1,0,0,0,0,0,2073600,256,0,0,0,Intel,2.7,Intel i7,AMD,0,AMD Radeon
856,HP,Chromebook X360,2 in 1 Convertible,11.6,4.0,Chrome OS,1.4,6.423246963533519,0,0,0,1,0,0,1049088,0,0,32,0,Intel,1.1,Intel Celeron,Intel,1,Intel Graphics
857,Asus,ZenBook UX310UQ-GL026T,Ultrabook,13.3,8.0,Windows 10,1.45,6.934397209928558,1,1,0,0,0,0,2073600,512,0,0,0,Intel,2.3,Intel i5,Nvidia,0,Nvidia GeForce
858,HP,EliteBook x360,2 in 1 Convertible,13.3,8.0,Windows 10,1.28,7.731053144007127,1,0,0,1,0,0,2073600,256,0,0,0,Intel,2.5,Intel i5,Intel,1,Intel Graphics
859,HP,EliteBook 840,Ultrabook,14.0,8.0,Windows 10,1.54,7.292337176173877,1,0,0,0,0,0,2073600,512,0,0,0,Intel,2.5,Intel i7,Intel,1,Intel Graphics
860,HP,250 G6,Notebook,15.6,4.0,No OS,1.86,5.703782474656201,0,0,0,0,0,0,1049088,128,0,0,0,Intel,1.6,Intel Celeron,Intel,1,Intel Graphics
862,Asus,Rog GL502VM-DS74,Gaming,15.6,16.0,Windows 10,2.1,7.549609165154532,1,0,0,0,0,0,2073600,128,1024,0,0,Intel,2.8,Intel i7,Nvidia,0,Nvidia GeForce
863,Dell,Inspiron 5767,Notebook,17.3,8.0,Linux,2.83,6.763884908562435,1,0,0,0,0,0,2073600,0,1024,0,0,Intel,2.7,Intel i7,AMD,0,AMD Radeon
864,Lenovo,ThinkPad T470p,Ultrabook,14.0,8.0,Windows 10,1.96,7.55171221535131,1,1,0,0,0,0,2073600,256,0,0,0,Intel,2.8,Intel i7,Nvidia,0,Nvidia GeForce
865,Asus,K556UR-DM621T (i7-7500U/8GB/256GB/GeForce,Notebook,15.6,8.0,Windows 10,2.3,6.669498089857879,1,1,0,0,0,0,2073600,256,0,0,0,Intel,2.7,Intel i7,Nvidia,0,Nvidia GeForce
866,Dell,Latitude 5580,Notebook,15.6,8.0,Windows 10,1.9,6.852242569051878,1,0,0,0,0,0,2073600,128,0,0,0,Intel,2.5,Intel i5,Intel,1,Intel Graphics
867,Asus,X541NA (N4200/4GB/1TB/W10),Notebook,15.6,4.0,Windows 10,2.0,6.1092475827643655,0,0,0,0,0,0,1049088,0,1024,0,0,Intel,1.1,Intel Pentium,Intel,1,Intel Graphics
868,HP,EliteBook x360,2 in 1 Convertible,13.3,8.0,Windows 10,1.28,7.847762537473608,1,0,0,1,0,0,2073600,256,0,0,0,Intel,2.8,Intel i7,Intel,1,Intel Graphics
869,Dell,Inspiron 5368,Notebook,13.3,8.0,Windows 10,1.62,6.476972362889683,1,0,0,1,0,0,2073600,0,1024,0,0,Intel,2.3,Intel i5,Intel,1,Intel Graphics
870,Lenovo,IdeaPad 110-15ISK,Notebook,15.6,4.0,No OS,2.2,6.152732694704104,1,0,0,0,0,0,2073600,0,1024,0,0,Intel,2.0,Intel i3,Intel,1,Intel Graphics
871,Lenovo,ThinkPad E570,Notebook,15.6,8.0,Windows 10,2.3,6.747187386150408,1,1,0,0,0,0,2073600,0,1024,0,0,Intel,2.5,Intel i5,Intel,1,Intel Graphics
872,HP,EliteBook 850,Notebook,15.6,8.0,Windows 10,1.84,7.2078598714324755,1,0,0,0,0,0,2073600,256,0,0,0,Intel,2.6,Intel i5,AMD,0,AMD Radeon
873,Toshiba,Portege X30-D-10X,Notebook,13.3,4.0,Windows 10,1.05,7.1592919047975645,1,0,0,0,0,0,2073600,128,0,0,0,Intel,2.5,Intel i5,Intel,1,Intel Graphics
874,Lenovo,Legion Y520-15IKBN,Gaming,15.6,8.0,No OS,2.5,6.925595197110468,1,1,0,0,0,0,2073600,0,1024,0,0,Intel,2.5,Intel i5,Nvidia,0,Nvidia GeForce
875,Dell,XPS 13,Ultrabook,13.3,16.0,Windows 10,1.29,7.714677473800927,0,0,0,1,1,0,5760000,512,0,0,0,Intel,2.5,Intel i7,Intel,1,Intel Graphics
876,HP,Probook 450,Notebook,15.6,4.0,Windows 10,2.07,6.814542897259958,1,0,0,0,0,0,2073600,0,500,0,0,Intel,2.3,Intel i5,Intel,1,Intel Graphics
877,Toshiba,Portégé Z30-C-188,Ultrabook,13.3,8.0,Windows 10,1.2,6.999422467507961,0,0,0,0,0,0,1049088,256,0,0,0,Intel,2.3,Intel i5,Intel,1,Intel Graphics
878,Lenovo,ThinkPad Yoga,2 in 1 Convertible,13.3,8.0,Windows 10,1.37,7.576097340623111,1,1,0,1,0,0,2073600,256,0,0,0,Intel,2.7,Intel i7,Intel,1,Intel Graphics
879,Acer,TMX349-G2-M-50FS (i5-7200U/8GB/256GB/FHD/W10),Notebook,14.0,8.0,Windows 10,1.56,6.805722553416985,1,1,0,0,0,0,2073600,256,0,0,0,Intel,2.5,Intel i5,Intel,1,Intel Graphics
880,Dell,Precision 3520,Workstation,15.6,8.0,Windows 10,2.23,7.483806687665835,1,0,0,0,0,0,2073600,0,1024,0,0,Intel,2.8,Intel i7,Nvidia,0,Nvidia Quadro
881,Lenovo,ThinkPad L570,Notebook,15.6,4.0,Windows 10,2.38,6.962243464266207,0,0,0,0,0,0,1049088,0,500,0,0,Intel,2.5,Intel i5,Intel,1,Intel Graphics
882,Lenovo,IdeaPad 110-15ISK,Notebook,15.6,4.0,No OS,2.2,6.173786103901937,1,0,0,0,0,0,2073600,0,1024,0,0,Intel,2.0,Intel i3,AMD,0,AMD Radeon
883,Toshiba,Tecra A50-D-11D,Notebook,15.6,8.0,Windows 10,2.0,7.236339342754344,1,1,0,0,0,0,2073600,256,0,0,0,Intel,2.7,Intel i7,Intel,1,Intel Graphics
884,Lenovo,Thinkpad 13,Notebook,13.3,4.0,Windows 10,1.44,6.601230118728877,1,1,0,0,0,0,2073600,180,0,0,0,Intel,2.4,Intel i3,Intel,1,Intel Graphics
885,Samsung,Notebook 9,Ultrabook,15.0,16.0,Windows 10,1.23,7.52294091807237,1,0,0,0,0,0,2073600,256,0,0,0,Intel,2.7,Intel i7,Nvidia,0,Nvidia GeForce
886,Dell,Latitude 7280,Ultrabook,12.5,8.0,Windows 10,1.6,7.43307534889858,1,0,0,0,0,0,2073600,256,0,0,0,Intel,2.8,Intel i7,Intel,1,Intel Graphics
887,Asus,X541NA-GO121 (N4200/4GB/1TB/Linux),Notebook,15.6,4.0,Linux,2.0,5.991439546795477,0,0,0,0,0,0,1049088,0,1024,0,0,Intel,1.1,Intel Pentium,Intel,1,Intel Graphics
888,Xiaomi,Mi Notebook,Ultrabook,13.3,8.0,Windows 10,1.28,6.841615476477592,1,1,0,0,0,0,2073600,256,0,0,0,Intel,2.3,Intel i5,Nvidia,0,Nvidia GeForce
889,Dell,Vostro 5568,Notebook,15.6,4.0,Windows 10,2.18,6.817283375818062,1,0,0,0,0,0,2073600,128,1024,0,0,Intel,2.5,Intel i5,Nvidia,0,Nvidia GeForce
890,HP,ProBook 450,Notebook,15.6,4.0,Windows 10,2.04,6.733401891837359,1,0,0,0,0,0,2073600,256,0,0,0,Intel,2.5,Intel i5,Intel,1,Intel Graphics
891,HP,EliteBook x360,2 in 1 Convertible,13.3,4.0,Windows 10,1.28,7.438971592395862,1,0,0,1,0,0,2073600,256,0,0,0,Intel,2.5,Intel i5,Intel,1,Intel Graphics
892,HP,Pavilion x360,2 in 1 Convertible,15.6,4.0,Windows 10,2.3,6.53058604002882,0,0,0,1,0,0,1049088,0,500,0,0,Intel,2.5,Intel i5,Intel,1,Intel Graphics
893,Asus,VivoBook L402NA,Notebook,14.1,4.0,Windows 10,1.65,5.855071922202427,0,0,0,0,0,0,1049088,0,0,32,0,Intel,1.1,Intel Celeron,Intel,1,Intel Graphics
894,Lenovo,IdeaPad 510-15ISK,Notebook,15.6,8.0,Windows 10,2.2,6.507277712385012,1,1,0,0,0,0,2073600,0,1024,0,0,Intel,2.5,Intel i7,Nvidia,0,Nvidia GeForce
895,Dell,Inspiron 3552,Notebook,15.6,4.0,Windows 10,2.2,5.91350300563827,0,0,0,0,0,0,1049088,0,500,0,0,Intel,1.6,Intel Pentium,Intel,1,Intel Graphics
896,HP,EliteBook x360,2 in 1 Convertible,13.3,4.0,Windows 10,1.28,7.495541943884256,1,0,0,1,0,0,2073600,256,0,0,0,Intel,2.5,Intel i5,Intel,1,Intel Graphics
897,Dell,Vostro 3568,Notebook,15.6,4.0,Linux,2.18,6.124026720190953,0,0,0,0,0,0,1049088,0,1024,0,0,Intel,2.0,Intel i3,AMD,0,AMD Radeon
898,Asus,Rog GL753VD-GC082T,Gaming,17.3,12.0,Windows 10,2.2,7.223222737441855,1,0,0,0,0,0,2073600,128,1024,0,0,Intel,2.5,Intel i5,Nvidia,0,Nvidia GeForce
899,Acer,Chromebook C731-C78G,Netbook,11.6,4.0,Chrome OS,1.25,5.697093486505405,0,1,0,0,0,0,1049088,0,0,32,0,Intel,1.6,Intel Celeron,Intel,1,Intel Graphics
900,Lenovo,IdeaPad 110-17ACL,Notebook,17.3,4.0,Windows 10,2.8,5.940171252720432,0,0,0,0,0,0,1440000,0,500,0,0,AMD,2.2,AMD Other,AMD,0,AMD Radeon
901,HP,Probook 640,Notebook,14.0,4.0,Windows 10,1.95,7.143617602704121,1,0,0,0,0,0,2073600,128,0,0,0,Intel,2.5,Intel i5,Intel,1,Intel Graphics
902,HP,Envy x360,2 in 1 Convertible,13.3,16.0,Windows 10,1.42,7.24422751560335,0,0,0,1,1,0,5760000,256,0,0,0,Intel,2.7,Intel i7,Intel,1,Intel Graphics
903,Samsung,Notebook 9,Ultrabook,15.0,8.0,Windows 10,1.17,7.438383530044307,1,0,0,0,0,0,2073600,256,0,0,0,Intel,2.7,Intel i7,Intel,1,Intel Graphics
904,Lenovo,ThinkPad T470s,Ultrabook,14.0,8.0,Windows 10,1.32,7.495541943884256,1,1,0,0,0,0,2073600,256,0,0,0,Intel,2.5,Intel i5,Intel,1,Intel Graphics
905,MSI,GS73VR Stealth,Gaming,17.3,16.0,Windows 10,2.43,7.882314918980268,0,1,0,0,0,1,8294400,512,2048,0,0,Intel,2.6,Intel i7,Nvidia,0,Nvidia GeForce
906,Toshiba,Portege X30-D-10V,Notebook,13.3,8.0,Windows 10,1.05,7.297091005160418,1,0,0,0,0,0,2073600,256,0,0,0,Intel,2.5,Intel i5,Intel,1,Intel Graphics
908,Dell,Inspiron 7567,Gaming,15.6,8.0,Linux,2.62,6.835184586147301,1,0,0,0,0,0,2073600,0,1024,0,0,Intel,2.8,Intel i7,Nvidia,0,Nvidia GeForce
909,HP,ProBook 450,Notebook,15.6,8.0,Windows 10,2.04,6.803505257608338,1,0,0,0,0,0,2073600,0,1024,0,0,Intel,2.7,Intel i7,Nvidia,0,Nvidia GeForce
910,Dell,Vostro 3568,Notebook,15.6,4.0,Windows 10,2.18,6.421622267806518,0,0,0,0,0,0,1049088,0,1024,0,0,Intel,2.0,Intel i3,AMD,0,AMD Radeon
911,Dell,Latitude 5580,Notebook,15.6,8.0,Windows 10,1.9,6.841615476477592,1,0,0,0,0,0,2073600,0,500,0,0,Intel,2.6,Intel i5,Intel,1,Intel Graphics
912,Dell,XPS 13,2 in 1 Convertible,13.3,8.0,Windows 10,1.24,7.607927724478835,0,0,0,1,1,0,5760000,512,0,0,0,Intel,1.3,Intel i7,Intel,1,Intel Graphics
913,Asus,G701VO-IH74K (i7-6820HK/32GB/2x,Gaming,17.3,32.0,Windows 10,3.58,7.154615356913663,1,1,0,0,0,0,2073600,512,0,0,0,Intel,2.7,Intel i7,Nvidia,0,Nvidia GeForce
914,Dell,XPS 13,2 in 1 Convertible,13.3,16.0,Windows 10,1.22,7.408530566894626,1,0,0,1,0,0,2073600,256,0,0,0,Intel,1.3,Intel i7,Intel,1,Intel Graphics
915,Lenovo,ThinkPad X1,Ultrabook,14.0,8.0,Windows 10,1.13,7.6255950721324535,1,1,0,0,0,0,2073600,0,0,256,0,Intel,2.7,Intel i7,Intel,1,Intel Graphics
916,Lenovo,ThinkPad T570,Notebook,15.6,8.0,Windows 10,1.95,7.582733397251754,1,1,0,0,0,0,2073600,512,0,0,0,Intel,2.5,Intel i5,Intel,1,Intel Graphics
917,LG,Gram 15Z970,Ultrabook,15.6,16.0,Windows 10,1.08,7.649692623711514,1,1,0,1,0,0,2073600,512,0,0,0,Intel,2.7,Intel i7,Intel,1,Intel Graphics
918,HP,Elitebook 820,Netbook,12.5,8.0,Windows 10,1.26,7.302496423727326,1,0,0,0,0,0,2073600,512,0,0,0,Intel,2.7,Intel i7,Intel,1,Intel Graphics
919,Acer,Chromebook CB5-571-C1DZ,Notebook,15.6,4.0,Chrome OS,2.2,5.886104031450156,1,1,0,0,0,0,2073600,0,0,16,0,Intel,1.5,Intel Celeron,Intel,1,Intel Graphics
920,Lenovo,IdeaPad Y700-15ISK,Notebook,15.6,8.0,Windows 10,2.6,6.672032945461067,1,1,0,0,0,0,2073600,128,1024,0,0,Intel,2.3,Intel i5,Nvidia,0,Nvidia GeForce
922,LG,Gram 14Z970,Ultrabook,14.0,8.0,Windows 10,0.98,7.549609165154532,1,1,0,1,0,0,2073600,512,0,0,0,Intel,2.7,Intel i7,Intel,1,Intel Graphics
923,Dell,Latitude 5480,Notebook,14.0,8.0,Windows 10,1.6,7.095064377287131,1,0,0,0,0,0,2073600,256,0,0,0,Intel,2.8,Intel i5,Intel,1,Intel Graphics
924,HP,Elitebook Folio,Ultrabook,12.5,8.0,Windows 10,1.09,8.03947991910045,0,0,0,1,0,1,8294400,240,0,0,0,Intel,1.2,Intel Other,Intel,1,Intel Graphics
925,Lenovo,IdeaPad 510-15IKB,Notebook,15.6,6.0,Windows 10,2.2,6.672032945461067,1,0,0,0,0,0,2073600,256,0,0,0,Intel,2.7,Intel i7,Nvidia,0,Nvidia GeForce
926,HP,ProBook 450,Notebook,15.6,8.0,Windows 10,2.04,6.927548102308689,1,0,0,0,0,0,2073600,256,0,0,0,Intel,2.7,Intel i7,Nvidia,0,Nvidia GeForce
927,Acer,Aspire E5-575,Notebook,15.6,4.0,Windows 10,2.4,6.214608098422191,1,0,0,0,0,0,2073600,0,1024,0,0,Intel,2.4,Intel i3,Intel,1,Intel Graphics
928,Lenovo,ThinkPad 13,Notebook,13.3,4.0,Windows 10,1.44,6.782192056006791,1,0,0,0,0,0,2073600,128,0,0,0,Intel,2.5,Intel i5,Intel,1,Intel Graphics
930,HP,Probook 430,Notebook,13.3,8.0,Windows 10,1.49,6.8679744089702925,1,0,0,0,0,0,2073600,256,0,0,0,Intel,2.5,Intel i5,Intel,1,Intel Graphics
931,MSI,GE72VR 6RF,Gaming,17.3,16.0,Windows 10,2.7,7.3777589082278725,1,0,0,0,0,0,2073600,256,1024,0,0,Intel,2.8,Intel i7,Nvidia,0,Nvidia GeForce
932,Dell,Inspiron 7567,Gaming,15.6,16.0,Windows 10,2.6,7.2078598714324755,1,0,0,0,0,0,2073600,128,1024,0,0,Intel,2.8,Intel i7,Nvidia,0,Nvidia GeForce
933,MSI,GL62M 7RD,Gaming,15.6,8.0,Windows 10,2.2,7.021896134389698,1,0,0,0,0,0,2073600,128,1024,0,0,Intel,2.5,Intel i5,Nvidia,0,Nvidia GeForce
934,Dell,Vostro 3568,Notebook,15.6,4.0,Windows 10,2.18,6.530863050360161,0,0,0,0,0,0,1049088,0,1024,0,0,Intel,2.5,Intel i5,AMD,0,AMD Radeon
935,HP,EliteBook 850,Ultrabook,15.6,8.0,Windows 10,1.84,7.1685721930741115,1,0,0,0,0,0,2073600,256,0,0,0,Intel,2.5,Intel i7,AMD,0,AMD Radeon
936,HP,Envy 13-AB077cl,Ultrabook,13.3,8.0,Windows 10,1.39,7.047517221357296,0,0,0,1,1,0,5760000,256,0,0,0,Intel,2.7,Intel i7,Intel,1,Intel Graphics
937,Toshiba,Tecra Z50-C-140,Notebook,15.6,16.0,Windows 10,2.4,7.588829878307813,1,1,0,0,0,0,2073600,256,0,0,0,Intel,2.6,Intel i7,Nvidia,0,Nvidia GeForce
938,Lenovo,ThinkPad Yoga,2 in 1 Convertible,13.3,8.0,Windows 10,1.37,7.509883061154913,1,1,0,1,0,0,2073600,512,0,0,0,Intel,2.5,Intel i5,Intel,1,Intel Graphics
939,Dell,Latitude 3580,Notebook,15.6,4.0,Windows 10,1.95,6.594276651486346,0,0,0,0,0,0,1049088,0,500,0,0,Intel,2.3,Intel i5,Intel,1,Intel Graphics
940,Lenovo,Thinkpad X270,Ultrabook,12.5,8.0,Windows 10,1.36,7.409136443920128,1,1,0,0,0,0,2073600,256,0,0,0,Intel,2.7,Intel i7,Intel,1,Intel Graphics
941,HP,Probook 650,Notebook,15.6,8.0,Windows 10,2.31,7.061334366910438,1,0,0,0,0,0,2073600,256,0,0,0,Intel,2.3,Intel i5,Intel,1,Intel Graphics
942,Dell,Vostro 3568,Notebook,15.6,4.0,Windows 10,2.18,6.563940149185663,0,0,0,0,0,0,1049088,0,1024,0,0,Intel,2.5,Intel i5,Intel,1,Intel Graphics
943,HP,ProBook 640,Notebook,14.0,4.0,Windows 10,1.95,7.047517221357296,0,0,0,0,0,0,1049088,0,500,0,0,Intel,2.3,Intel i5,Intel,1,Intel Graphics
944,Lenovo,IdeaPad 320-15IAP,Notebook,15.6,4.0,Windows 10,2.2,5.736572297479192,0,0,0,0,0,0,1049088,0,1024,0,0,Intel,1.1,Intel Pentium,Intel,1,Intel Graphics
945,HP,EliteBook 820,Ultrabook,12.5,4.0,Windows 10,1.26,7.365180126021013,1,0,0,0,0,0,2073600,0,500,0,0,Intel,2.3,Intel i5,Intel,1,Intel Graphics
946,HP,250 G6,Notebook,15.6,4.0,No OS,1.86,5.66953603592761,0,0,0,0,0,0,1049088,0,1024,0,0,Intel,1.6,Intel Celeron,Intel,1,Intel Graphics
947,Lenovo,Yoga 900-13ISK,2 in 1 Convertible,13.3,16.0,Windows 10,1.3,7.495541943884256,0,1,0,1,1,0,5760000,1024,0,0,0,Intel,2.2,Intel i7,Intel,1,Intel Graphics
948,Toshiba,Tecra Z40-C-12X,Notebook,14.0,4.0,Windows 10,1.47,7.00850518208228,1,1,0,0,0,0,2073600,128,0,0,0,Intel,2.3,Intel i5,Intel,1,Intel Graphics
949,HP,EliteBook 820,Netbook,12.5,8.0,Windows 10,1.26,7.4205789054108005,1,0,0,0,0,0,2073600,256,0,0,0,Intel,2.3,Intel i5,Intel,1,Intel Graphics
950,Dell,Vostro 3568,Notebook,15.6,4.0,Windows 10,2.18,6.3272222427913265,0,0,0,0,0,0,1049088,0,1024,0,0,Intel,2.0,Intel i3,Intel,1,Intel Graphics
951,MSI,GP62M Leopard,Gaming,15.6,8.0,Windows 10,2.2,7.090076835776092,1,0,0,0,0,0,2073600,128,1024,0,0,Intel,2.8,Intel i7,Nvidia,0,Nvidia GeForce
952,Dell,Latitude 7480,Ultrabook,14.0,8.0,Windows 10,1.36,7.402451520818244,1,0,0,0,0,0,2073600,256,0,0,0,Intel,2.5,Intel i5,Intel,1,Intel Graphics
953,Dell,Alienware 17,Gaming,17.3,16.0,Windows 10,4.36,7.922623574217286,0,0,0,0,0,0,3686400,512,1024,0,0,Intel,2.7,Intel i7,Nvidia,0,Nvidia GeForce
954,HP,Omen 17-W006na,Gaming,17.3,8.0,Windows 10,2.75,7.24422751560335,1,1,0,0,0,0,2073600,128,1024,0,0,Intel,2.3,Intel i5,Nvidia,0,Nvidia GeForce
955,Asus,X751SV-TY001T (N3710/4GB/1TB/GeForce,Notebook,17.3,4.0,Windows 10,2.8,6.274762021241939,0,0,0,0,0,0,1440000,0,1024,0,0,Intel,1.6,Intel Pentium,Nvidia,0,Nvidia GeForce
956,Acer,TravelMate P259-G2,Notebook,15.6,4.0,Windows 10,2.23,6.429719478039138,0,0,0,0,0,0,1049088,0,500,0,0,Intel,2.5,Intel i5,Intel,1,Intel Graphics
957,Toshiba,Tecra A50-C-1ZV,Notebook,15.6,8.0,Windows 10,2.2,7.02108396428914,0,0,0,0,0,0,1049088,256,0,0,0,Intel,2.3,Intel i5,Intel,1,Intel Graphics
958,Lenovo,Yoga 700-11ISK,2 in 1 Convertible,11.3,8.0,Windows 10,1.1,7.170119543449628,1,1,0,1,0,0,2073600,256,0,0,0,Intel,1.2,Intel Other,Intel,1,Intel Graphics
959,Lenovo,IdeaPad Y700-15ACZ,Gaming,15.6,16.0,Windows 10,2.5,6.907755278982137,1,1,0,0,0,0,2073600,512,1024,0,0,AMD,2.1,AMD Other,AMD,0,AMD Radeon
960,Dell,Latitude 7280,Ultrabook,12.5,8.0,Windows 10,1.36,7.295192184570911,1,0,0,1,0,0,2073600,256,0,0,0,Intel,2.5,Intel i5,Intel,1,Intel Graphics
961,Lenovo,IdeaPad 310-15IKB,Notebook,15.6,8.0,No OS,2.2,6.530877627725885,1,0,0,0,0,0,2073600,0,1024,0,0,Intel,2.7,Intel i7,Nvidia,0,Nvidia GeForce
962,Dell,Insprion 5767,Notebook,17.3,4.0,Windows 10,2.36,6.492239835020471,0,0,0,0,0,0,1440000,0,1024,0,0,Intel,2.0,Intel i3,AMD,0,AMD Radeon
963,Acer,Chromebook 14,Notebook,14.0,4.0,Chrome OS,1.68,5.857933154483459,0,0,0,0,0,0,1049088,0,0,32,0,Intel,1.6,Intel Celeron,Intel,1,Intel Graphics
964,HP,ZBook Studio,Workstation,15.6,8.0,Windows 10,2.0,7.718685495198466,1,1,0,0,0,0,2073600,8,0,0,0,Intel,2.7,Intel i7,Nvidia,0,Nvidia Quadro
965,Dell,Latitude 7480,Ultrabook,14.0,8.0,Windows 10,1.36,7.4821189235521155,1,0,0,0,0,0,2073600,256,0,0,0,Intel,2.8,Intel i7,Intel,1,Intel Graphics
966,Toshiba,Portege Z30-C-1CW,Notebook,13.3,8.0,Windows 7,1.2,7.2868764117507,1,0,0,0,0,0,2073600,256,0,0,0,Intel,2.3,Intel i5,Intel,1,Intel Graphics
967,Asus,Chromebook Flip,2 in 1 Convertible,12.5,8.0,Chrome OS,1.2,7.05617528410041,1,0,0,0,0,0,2073600,0,0,64,0,Intel,1.2,Intel Other,Intel,1,Intel Graphics
968,Lenovo,Thinkpad T460,Ultrabook,14.0,8.0,Windows 10,1.7,7.306524687507587,1,1,0,0,0,0,2073600,256,0,0,0,Intel,2.6,Intel i7,Intel,1,Intel Graphics
969,Dell,Alienware 17,Gaming,17.3,16.0,Windows 10,4.36,8.056743774975313,0,1,0,0,0,1,8294400,512,1024,0,0,Intel,2.8,Intel i7,Nvidia,0,Nvidia GeForce
970,Dell,XPS 13,2 in 1 Convertible,13.3,8.0,Windows 10,1.24,7.549609165154532,1,0,0,1,0,0,2073600,256,0,0,0,Intel,1.2,Intel i5,Intel,1,Intel Graphics
971,HP,ProBook x360,2 in 1 Convertible,11.6,4.0,Windows 10,1.45,6.654152520183219,0,0,0,1,0,0,1049088,256,0,0,0,Intel,1.1,Intel Pentium,Intel,1,Intel Graphics
972,Dell,XPS 13,Ultrabook,13.3,8.0,Windows 10,1.3,7.1459844677143876,0,0,0,0,1,0,5760000,256,0,0,0,Intel,2.5,Intel i7,Intel,1,Intel Graphics
973,Acer,Chromebook C738T-C2EJ,2 in 1 Convertible,11.6,4.0,Chrome OS,1.25,5.966146739123692,0,1,0,1,0,0,1049088,0,0,32,0,Intel,1.6,Intel Celeron,Intel,1,Intel Graphics
974,Toshiba,Portege Z30-C-16Z,Notebook,13.3,8.0,Windows 10,1.2,7.336936913707618,1,0,0,0,0,0,2073600,256,0,0,0,Intel,2.4,Intel i5,Intel,1,Intel Graphics
975,Lenovo,ThinkPad X270,Ultrabook,12.5,8.0,Windows 10,1.36,7.473637108496206,1,1,0,0,0,0,2073600,256,0,0,0,Intel,2.6,Intel i5,Intel,1,Intel Graphics
976,Acer,Aspire F5-573G-510L,Notebook,15.6,12.0,Windows 10,2.4,6.917705609835305,1,0,0,0,0,0,2073600,128,1024,0,0,Intel,2.5,Intel i5,Nvidia,0,Nvidia GeForce
977,Toshiba,Portege X20W-D-10V,Ultrabook,12.5,8.0,Windows 10,1.1,7.490529402060711,1,0,0,1,0,0,2073600,512,0,0,0,Intel,2.7,Intel i7,Intel,1,Intel Graphics
978,HP,ProBook 450,Notebook,15.6,8.0,Windows 10,2.04,6.742290839254605,0,0,0,0,0,0,1049088,0,1024,0,0,Intel,2.5,Intel i5,Nvidia,0,Nvidia GeForce
979,Dell,Inspiron 3567,Notebook,15.6,4.0,Linux,2.25,6.1455152219349065,0,0,0,0,0,0,1049088,0,1024,0,0,Intel,2.0,Intel i3,AMD,0,AMD Radeon
980,Dell,Latitude 5580,Notebook,15.6,4.0,Windows 10,1.9,6.716594773520978,0,0,0,0,0,0,1049088,0,500,0,0,Intel,2.5,Intel i5,Intel,1,Intel Graphics
981,HP,ProBook 450,Notebook,15.6,4.0,Windows 10,2.04,6.530877627725885,1,0,0,0,0,0,2073600,0,500,0,0,Intel,2.4,Intel i3,Intel,1,Intel Graphics
982,Dell,Alienware 17,Gaming,17.3,32.0,Windows 10,4.42,8.055157731819678,1,1,0,0,0,0,2073600,256,1024,0,0,Intel,2.8,Intel i7,Nvidia,0,Nvidia GeForce
983,Lenovo,IdeaPad 310-15IKB,Notebook,15.6,6.0,Windows 10,2.4,6.54534966033442,1,0,0,0,0,0,2073600,256,0,0,0,Intel,2.5,Intel i5,Nvidia,0,Nvidia GeForce
984,Dell,XPS 13,2 in 1 Convertible,13.3,16.0,Windows 10,1.22,7.549609165154532,0,0,0,1,1,0,5760000,512,0,0,0,Intel,1.3,Intel i7,Intel,1,Intel Graphics
985,Dell,Latitude E7470,Ultrabook,14.0,8.0,Windows 10,1.5,7.5827283055631725,0,0,0,1,0,0,3686400,256,0,0,0,Intel,2.6,Intel i7,Intel,1,Intel Graphics
986,Dell,Alienware 17,Gaming,17.3,32.0,Windows 10,4.42,7.937731775260109,1,0,0,0,0,0,2073600,256,1024,0,0,Intel,2.6,Intel i7,Nvidia,0,Nvidia GeForce
987,Toshiba,Tecra A40-C-1DF,Notebook,14.0,8.0,Windows 10,1.95,7.074116816197362,1,0,0,0,0,0,2073600,256,0,0,0,Intel,2.3,Intel i5,Intel,1,Intel Graphics
988,Asus,Rog Strix,Gaming,17.3,16.0,Windows 10,2.73,7.626034000179687,1,0,0,0,0,0,2073600,256,1024,0,0,Intel,2.8,Intel i7,Nvidia,0,Nvidia GeForce
989,HP,Probook 450,Notebook,15.6,8.0,Windows 10,2.04,6.887552571664617,1,1,0,0,0,0,2073600,128,1024,0,0,Intel,2.7,Intel i5,Nvidia,0,Nvidia GeForce
990,Lenovo,ThinkPad T460,Notebook,14.0,4.0,Windows 7,1.7,6.910750787961936,0,0,0,0,0,0,1049088,0,0,0,508,Intel,2.3,Intel i5,Intel,1,Intel Graphics
991,Asus,Q534UX-BHI7T19 (i7-7500U/16GB/2TB,2 in 1 Convertible,15.6,16.0,Windows 10,2.3,7.495541943884256,0,0,0,1,0,1,8294400,512,2048,0,0,Intel,2.7,Intel i7,Nvidia,0,Nvidia GeForce
992,HP,15-bs053od (i7-7500U/6GB/1TB/W10),Notebook,15.6,6.0,Windows 10,2.04,6.363028103540465,0,0,0,0,0,0,1049088,0,1024,0,0,Intel,2.7,Intel i7,Intel,1,Intel Graphics
993,Asus,Rog GL753VE-DS74,Gaming,17.3,16.0,Windows 10,2.99,7.4673710669175595,1,0,0,0,0,0,2073600,256,1024,0,0,Intel,2.8,Intel i7,Nvidia,0,Nvidia GeForce
994,Dell,Inspiron 7579,2 in 1 Convertible,15.6,12.0,Windows 10,2.19,7.170119543449628,1,1,0,1,0,0,2073600,512,0,0,0,Intel,2.7,Intel i7,Intel,1,Intel Graphics
995,Toshiba,Portege Z30-C-1CV,Notebook,13.3,4.0,Windows 7,1.2,7.086737934510577,1,0,0,0,0,0,2073600,128,0,0,0,Intel,2.3,Intel i5,Intel,1,Intel Graphics
996,Lenovo,IdeaPad 320-15ABR,Notebook,15.6,6.0,Windows 10,2.2,6.309918278226516,1,0,0,0,0,0,2073600,256,0,0,0,AMD,3.6,AMD Other,AMD,0,AMD Radeon
997,Fujitsu,LifeBook A556,Notebook,15.6,4.0,Windows 10,2.3,6.476972362889683,0,0,0,0,0,0,1049088,256,0,0,0,Intel,2.3,Intel i5,Intel,1,Intel Graphics
998,Toshiba,Tecra A40-C-1KF,Notebook,14.0,4.0,Windows 10,1.75,6.82001636467413,0,0,0,0,0,0,1049088,0,500,0,0,Intel,2.3,Intel i5,Intel,1,Intel Graphics
999,Dell,Inspiron 3567,Notebook,15.6,4.0,Windows 10,2.25,6.396929655216146,0,0,0,0,0,0,1049088,0,500,0,0,Intel,2.5,Intel i5,AMD,0,AMD Radeon
1000,HP,Probook 450,Notebook,15.6,8.0,Windows 10,2.04,6.693323668269949,1,0,0,0,0,0,2073600,0,1024,0,0,Intel,2.5,Intel i5,Intel,1,Intel Graphics
1001,Lenovo,Legion Y520-15IKBN,Gaming,15.6,8.0,Windows 10,2.5,7.081708586105575,1,1,0,0,0,0,2073600,128,1024,0,0,Intel,2.8,Intel i7,Nvidia,0,Nvidia GeForce
1002,Dell,Inspiron 5567,Notebook,15.6,8.0,Windows 10,2.36,6.620073206530356,0,0,0,0,0,0,1049088,0,1024,0,0,Intel,2.7,Intel i7,AMD,0,AMD Radeon
1003,Dell,Latitude 5480,Notebook,14.0,8.0,Windows 10,1.6,7.02108396428914,1,0,0,0,0,0,2073600,128,0,0,0,Intel,2.5,Intel i5,Intel,1,Intel Graphics
1004,HP,EliteBook Folio,Netbook,12.5,8.0,Windows 10,0.97,7.554334823725748,1,0,0,0,0,0,2073600,512,0,0,0,Intel,1.2,Intel Other,Intel,1,Intel Graphics
1005,HP,15-bs005nv (i3-6006U/4GB/1TB,Notebook,15.6,4.0,Windows 10,2.1,6.214608098422191,1,0,0,0,0,0,2073600,128,1024,0,0,Intel,2.0,Intel i3,AMD,0,AMD Radeon
1006,Lenovo,V110-15IAP (N3350/4GB/128GB/No,Notebook,15.6,4.0,No OS,1.9,5.604404030675922,0,0,0,0,0,0,1049088,128,0,0,0,Intel,1.1,Intel Celeron,Intel,1,Intel Graphics
1007,Lenovo,ThinkPad T560,Notebook,15.6,8.0,Windows 10,2.3,7.2078598714324755,1,0,0,0,0,0,2073600,256,0,0,0,Intel,2.3,Intel i5,Intel,1,Intel Graphics
1008,Dell,Inspiron 5378,2 in 1 Convertible,13.3,8.0,Windows 10,1.68,6.7912214627261855,1,0,0,1,0,0,2073600,256,0,0,0,Intel,2.5,Intel i5,Intel,1,Intel Graphics
1009,Asus,ZenBook UX310UA-FB485T,Notebook,13.3,8.0,Windows 10,1.4,7.048386408721883,0,0,0,0,1,0,5760000,256,0,0,0,Intel,2.5,Intel i5,Intel,1,Intel Graphics
1010,HP,Spectre 13-V111dx,Ultrabook,13.3,8.0,Windows 10,1.11,7.2078598714324755,1,1,0,1,0,0,2073600,256,0,0,0,Intel,2.7,Intel i7,Intel,1,Intel Graphics
1011,Acer,Aspire ES1-533,Notebook,15.6,4.0,Windows 10,2.4,5.942799375126701,0,0,0,0,0,0,1049088,0,500,0,0,Intel,1.1,Intel Pentium,Intel,1,Intel Graphics
1012,Asus,Rog GL553VE-DS74,Gaming,15.6,16.0,Windows 10,2.5,7.495541943884256,1,0,0,0,0,0,2073600,256,1024,0,0,Intel,2.8,Intel i7,Nvidia,0,Nvidia GeForce
1013,HP,EliteBook 840,Ultrabook,14.0,8.0,Windows 10,1.48,7.644919344958857,1,0,0,0,0,0,2073600,512,0,0,0,Intel,2.7,Intel i7,Intel,1,Intel Graphics
1014,Acer,Nitro 5,Gaming,15.6,8.0,Windows 10,2.7,7.13966033596492,1,1,0,0,0,0,2073600,128,1024,0,0,Intel,2.8,Intel i7,Nvidia,0,Nvidia GeForce
1015,HP,ENVY -,Notebook,13.3,8.0,Windows 10,1.34,7.081708586105575,1,1,0,0,0,0,2073600,256,0,0,0,Intel,2.5,Intel i5,Intel,1,Intel Graphics
1016,Dell,Vostro 3568,Notebook,15.6,4.0,Windows 10,2.18,6.306275286948016,0,0,0,0,0,0,1049088,128,0,0,0,Intel,2.4,Intel i3,Intel,1,Intel Graphics
1017,HP,Probook 440,Notebook,14.0,4.0,Windows 10,1.64,6.659293919683638,0,0,0,0,0,0,1049088,0,500,0,0,Intel,2.5,Intel i5,Intel,1,Intel Graphics
1018,Toshiba,Portege Z30-C-16H,Notebook,13.3,4.0,Windows 10,1.2,7.086737934510577,1,0,0,0,0,0,2073600,128,0,0,0,Intel,2.3,Intel i5,Intel,1,Intel Graphics
1019,HP,EliteBook 840,Notebook,14.0,4.0,Windows 10,1.48,7.003965054029298,0,0,0,0,0,0,1049088,256,0,0,0,Intel,2.4,Intel i5,Intel,1,Intel Graphics
1020,HP,ProBook 640,Notebook,14.0,4.0,Windows 10,1.95,7.095064377287131,1,0,0,0,0,0,2073600,256,0,0,0,Intel,2.5,Intel i5,Intel,1,Intel Graphics
1021,HP,EliteBook 1040,Ultrabook,14.0,8.0,Windows 7,1.43,7.27931883541462,1,0,0,0,0,0,2073600,256,0,0,0,Intel,2.6,Intel i7,Intel,1,Intel Graphics
1022,HP,ProBook 440,Notebook,14.0,8.0,Windows 10,1.64,6.956793031546652,1,0,0,0,0,0,2073600,256,0,0,0,Intel,2.5,Intel i5,Nvidia,0,Nvidia GeForce
1023,HP,Probook 440,Notebook,14.0,4.0,Windows 10,1.64,6.529418838262226,0,0,0,0,0,0,1049088,0,500,0,0,Intel,2.4,Intel i3,Intel,1,Intel Graphics
1024,Dell,Inspiron 7567,Gaming,15.6,8.0,Windows 10,2.65,6.856461984594587,1,0,0,0,0,0,2073600,0,0,0,1024,Intel,2.5,Intel i5,Nvidia,0,Nvidia GeForce
1025,HP,EliteBook 820,Ultrabook,12.5,4.0,Windows 10,1.26,7.3395376954076745,1,0,0,0,0,0,2073600,0,500,0,0,Intel,2.5,Intel i5,Intel,1,Intel Graphics
1026,HP,Elitebook 840,Notebook,14.0,4.0,Windows 10,1.48,7.372118028337787,1,0,0,0,0,0,2073600,256,0,0,0,Intel,2.5,Intel i5,Intel,1,Intel Graphics
1027,HP,EliteBook 840,Ultrabook,14.0,8.0,Windows 10,1.54,7.54338456933354,1,0,0,0,0,0,2073600,256,0,0,0,Intel,2.5,Intel i7,Intel,1,Intel Graphics
1028,HP,Probook 430,Notebook,13.3,4.0,Windows 10,1.49,6.68586094706836,0,0,0,0,0,0,1049088,0,500,0,0,Intel,2.4,Intel i3,Intel,1,Intel Graphics
1029,Toshiba,Portege A30-C-1CZ,Notebook,13.3,8.0,Windows 10,1.5,7.099201743553092,0,0,0,0,0,0,1049088,256,0,0,0,Intel,2.3,Intel i5,Intel,1,Intel Graphics
1030,HP,ProBook 450,Notebook,15.6,4.0,Windows 10,2.04,6.647675403310604,0,0,0,0,0,0,1049088,256,0,0,0,Intel,2.4,Intel i3,Intel,1,Intel Graphics
1031,Lenovo,ThinkPad P70,Notebook,17.3,16.0,Windows 7,2.4,7.99598047476376,0,1,0,0,0,1,8294400,512,0,0,0,Intel,2.7,Intel i7,Nvidia,0,Nvidia Quadro
1032,Toshiba,Tecra Z40-C-12Z,Notebook,14.0,8.0,Windows 10,1.47,7.307202314764738,1,1,0,0,0,0,2073600,256,0,0,0,Intel,2.3,Intel i5,Intel,1,Intel Graphics
1033,HP,EliteBook 1040,Notebook,14.0,8.0,Windows 10,1.43,7.709756864454165,1,0,0,0,0,0,2073600,256,0,0,0,Intel,2.5,Intel i7,Intel,1,Intel Graphics
1034,Dell,Inspiron 5568,2 in 1 Convertible,15.6,4.0,Windows 10,2.08,6.680842131660057,1,1,0,1,0,0,2073600,0,1024,0,0,Intel,2.3,Intel i3,Intel,1,Intel Graphics
1035,Toshiba,Portégé Z30-C-16K,Ultrabook,13.3,8.0,Windows 10,1.2,7.372118028337787,1,0,0,0,0,0,2073600,256,0,0,0,Intel,2.3,Intel i5,Intel,1,Intel Graphics
1036,HP,Spectre 13-V100nv,Notebook,13.3,8.0,Windows 10,1.11,7.047517221357296,1,1,0,0,0,0,2073600,256,0,0,0,Intel,2.5,Intel i5,Intel,1,Intel Graphics
1037,HP,ProBook 440,Notebook,14.0,8.0,Windows 10,1.64,7.078704077085276,1,0,0,0,0,0,2073600,256,0,0,0,Intel,2.7,Intel i7,Nvidia,0,Nvidia GeForce
1038,Dell,Latitude E5570,Notebook,15.6,8.0,Windows 10,2.09,6.954104370919498,1,0,0,0,0,0,2073600,0,500,0,0,Intel,2.4,Intel i5,Intel,1,Intel Graphics
1039,HP,Elitebook 820,Ultrabook,12.5,4.0,Windows 10,1.26,7.352441100243583,0,0,0,0,0,0,1049088,256,0,0,0,Intel,2.5,Intel i5,Intel,1,Intel Graphics
1040,HP,ProBook 650,Notebook,14.0,4.0,Windows 10,2.31,7.081708586105575,0,0,0,0,0,0,1049088,0,500,0,0,Intel,2.5,Intel i5,Intel,1,Intel Graphics
1041,HP,ProBook 640,Notebook,14.0,4.0,Windows 10,1.95,6.966967138613983,0,0,0,0,0,0,1049088,0,500,0,0,Intel,2.5,Intel i5,Intel,1,Intel Graphics
1042,Dell,XPS 13,Ultrabook,13.3,8.0,Windows 10,1.29,7.393263094763838,0,0,0,1,1,0,5760000,256,0,0,0,Intel,2.5,Intel i5,Intel,1,Intel Graphics
1043,HP,Probook 470,Notebook,17.3,8.0,Windows 10,2.63,6.985641817639208,1,0,0,0,0,0,2073600,256,0,0,0,Intel,2.5,Intel i5,Nvidia,0,Nvidia GeForce
1044,HP,ProBook 440,Notebook,14.0,4.0,Windows 10,1.64,6.881411303642535,0,0,0,0,0,0,1049088,256,0,0,0,Intel,2.5,Intel i5,Intel,1,Intel Graphics
1045,Acer,Aspire 3,Notebook,15.6,6.0,Windows 10,2.1,6.016157159698354,0,0,0,0,0,0,1049088,0,1024,0,0,AMD,3.0,AMD A-Series,AMD,0,AMD Radeon
1046,MSI,GL72M 7RDX,Gaming,17.3,8.0,Windows 10,2.7,7.084058763450528,1,0,0,0,0,0,2073600,128,1024,0,0,Intel,2.8,Intel i7,Nvidia,0,Nvidia GeForce
1047,HP,Probook 640,Notebook,14.0,8.0,Windows 7,1.95,7.086737934510577,1,0,0,0,0,0,2073600,256,0,0,0,Intel,2.3,Intel i5,Intel,1,Intel Graphics
1048,HP,EliteBook 850,Notebook,15.6,8.0,Windows 10,1.84,7.114761318252113,1,0,0,0,0,0,2073600,256,0,0,0,Intel,2.5,Intel i7,Intel,1,Intel Graphics
1049,HP,EliteBook 820,Ultrabook,12.5,8.0,Windows 10,1.26,7.2078598714324755,1,0,0,0,0,0,2073600,256,0,0,0,Intel,2.5,Intel i7,Intel,1,Intel Graphics
1050,HP,ProBook 450,Notebook,15.6,4.0,Windows 10,2.04,6.610696044717759,0,0,0,0,0,0,1049088,0,500,0,0,Intel,2.5,Intel i5,Intel,1,Intel Graphics
1051,Toshiba,Tecra Z40-C-136,Ultrabook,14.0,8.0,Windows 10,1.47,7.453561871643373,1,1,0,0,0,0,2073600,256,0,0,0,Intel,2.6,Intel i7,Intel,1,Intel Graphics
1052,Dell,Latitude E5570,Notebook,15.6,8.0,Windows 7,2.09,6.969743676316205,1,0,0,0,0,0,2073600,256,0,0,0,Intel,2.4,Intel i5,Intel,1,Intel Graphics
1053,HP,ProBook 440,Notebook,14.0,8.0,Windows 10,1.64,6.919199542866395,1,0,0,0,0,0,2073600,256,0,0,0,Intel,2.5,Intel i5,Intel,1,Intel Graphics
1054,Lenovo,Yoga 500-15ISK,2 in 1 Convertible,15.6,4.0,Windows 10,1.8,6.742880635791903,1,1,0,1,0,0,2073600,256,0,0,0,Intel,2.5,Intel i7,Intel,1,Intel Graphics
1055,Vero,V142 (X5-Z8350/2GB/32GB/W10),Notebook,14.0,2.0,Windows 10,1.45,5.355642433167306,0,0,0,0,0,0,1049088,0,0,32,0,Intel,1.44,Intel Other,Intel,1,Intel Graphics
1056,Toshiba,Tecra A50-C-218,Notebook,15.6,16.0,Windows 10,2.4,7.262628600974241,1,1,0,0,0,0,2073600,256,0,0,0,Intel,2.5,Intel i7,Nvidia,0,Nvidia GeForce
1057,Lenovo,Thinkpad L560,Notebook,15.6,8.0,Windows 10,2.3,6.957116708519861,1,0,0,0,0,0,2073600,256,0,0,0,Intel,2.3,Intel i5,Intel,1,Intel Graphics
1058,HP,EliteBook 840,Notebook,14.0,4.0,Windows 10,1.54,6.90875477931522,1,0,0,0,0,0,2073600,0,500,0,0,Intel,2.3,Intel i5,Intel,1,Intel Graphics
1059,HP,EliteBook 850,Notebook,15.6,8.0,Windows 10,1.84,7.651757157760393,1,0,0,0,0,0,2073600,256,500,0,0,Intel,2.4,Intel i5,Intel,1,Intel Graphics
1060,HP,EliteBook 1040,Notebook,14.0,8.0,Windows 7,1.43,7.293017679772782,1,0,0,0,0,0,2073600,256,0,0,0,Intel,2.3,Intel i5,Intel,1,Intel Graphics
1061,MSI,GT72S Dominator,Gaming,17.3,16.0,Windows 10,3.78,7.343840115024246,1,1,0,0,0,0,2073600,256,1024,0,0,Intel,2.7,Intel i7,Nvidia,0,Nvidia GeForce
1062,Lenovo,IdeaPad Y900-17ISK,Gaming,17.3,16.0,Windows 10,4.6,7.736739317537815,1,1,0,0,0,0,2073600,128,1024,0,0,Intel,2.6,Intel i7,Nvidia,0,Nvidia GeForce
1063,Asus,Chromebook C202SA,Netbook,11.6,4.0,Chrome OS,1.2,5.66608060747219,0,0,0,0,0,0,1049088,0,0,16,0,Intel,1.6,Intel Celeron,Intel,1,Intel Graphics
1064,Lenovo,ThinkPad X1,Notebook,14.0,16.0,Windows 7,1.1,7.8713112033234065,0,1,0,0,0,0,3686400,256,0,0,0,Intel,2.6,Intel i7,Intel,1,Intel Graphics
1065,HP,Noteb Pav,Notebook,15.6,8.0,Windows 10,1.91,6.887552571664617,1,1,0,0,0,0,2073600,0,1024,0,0,Intel,2.7,Intel i7,Nvidia,0,Nvidia GeForce
1066,Dell,Inspiron 5578,2 in 1 Convertible,15.6,8.0,Windows 10,2.3,6.9985096422506015,1,1,0,1,0,0,2073600,256,0,0,0,Intel,2.7,Intel i5,Intel,1,Intel Graphics
1067,HP,ProBook 450,Notebook,15.6,4.0,Windows 10,2.04,6.887552571664617,0,0,0,0,0,0,1049088,256,0,0,0,Intel,2.5,Intel i5,Intel,1,Intel Graphics
1068,Dell,XPS 13,Ultrabook,13.3,16.0,Windows 10,1.2,7.720905251936779,0,0,0,1,1,0,5760000,1024,0,0,0,Intel,2.7,Intel i7,Intel,1,Intel Graphics
1069,HP,ProBook 650,Notebook,15.6,4.0,Windows 10,2.31,6.559827679515073,0,0,0,0,0,0,1049088,0,500,0,0,Intel,2.3,Intel i3,Intel,1,Intel Graphics
1070,HP,250 G5,Notebook,15.6,4.0,No OS,1.96,6.214608098422191,0,0,0,0,0,0,1049088,0,500,0,0,Intel,2.5,Intel i5,Intel,1,Intel Graphics
1071,Acer,Aspire ES1-523,Notebook,15.6,8.0,Windows 10,2.4,6.1092475827643655,0,0,0,0,0,0,1049088,0,1024,0,0,AMD,2.2,AMD A-Series,AMD,0,AMD Radeon
1072,Dell,Inspiron 7378,2 in 1 Convertible,13.3,12.0,Windows 10,1.6,7.170119543449628,1,1,0,1,0,0,2073600,256,0,0,0,Intel,2.7,Intel i7,Intel,1,Intel Graphics
1073,MSI,GT62VR 6RD,Gaming,15.6,16.0,Windows 10,2.94,7.506591780070841,1,0,0,0,0,0,2073600,256,1024,0,0,Intel,2.6,Intel i7,Nvidia,0,Nvidia GeForce
1074,HP,ProBook 450,Notebook,15.6,8.0,Windows 10,2.04,6.976348070447749,1,0,0,0,0,0,2073600,256,0,0,0,Intel,2.7,Intel i7,Intel,1,Intel Graphics
1075,Asus,Rog G752VL-GC088D,Gaming,17.3,16.0,No OS,4.0,6.906754778648554,1,1,0,0,0,0,2073600,0,1024,0,0,Intel,2.6,Intel i7,Nvidia,0,Nvidia GeForce
1076,Dell,Inspiron 3567,Notebook,15.6,4.0,Windows 10,2.25,6.327936783729195,1,0,0,0,0,0,2073600,0,1024,0,0,Intel,2.5,Intel i5,Intel,1,Intel Graphics
1077,Dell,Inspiron 5567,Notebook,15.6,16.0,Windows 10,2.32,6.898704443461719,1,0,0,0,0,0,2073600,0,2048,0,0,Intel,2.7,Intel i7,AMD,0,AMD Radeon
1079,MSI,GS63VR 6RF,Gaming,15.6,16.0,Windows 10,1.8,7.5652752818989315,1,0,0,0,0,0,2073600,256,1024,0,0,Intel,2.6,Intel i7,Nvidia,0,Nvidia GeForce
1080,Dell,XPS 13,Ultrabook,13.3,8.0,Windows 10,1.29,7.285506548522785,1,0,0,0,0,0,2073600,256,0,0,0,Intel,2.7,Intel i7,Intel,1,Intel Graphics
1081,Asus,ROG G701VO,Gaming,17.3,64.0,Windows 10,3.58,8.288031567776464,1,1,0,0,0,0,2073600,1024,0,0,0,Intel,2.7,Intel i7,Nvidia,0,Nvidia GeForce
1082,Dell,Inspiron 5368,2 in 1 Convertible,13.3,8.0,Windows 10,1.62,6.68337346133251,1,0,0,1,0,0,2073600,256,0,0,0,Intel,2.5,Intel i7,Intel,1,Intel Graphics
1083,Dell,Alienware 15,Gaming,15.6,16.0,Windows 10,3.21,7.1929342212158,0,0,0,0,0,1,8294400,256,1024,0,0,Intel,2.6,Intel i7,Nvidia,0,Nvidia GeForce
1084,Apple,"MacBook 12""",Ultrabook,12.0,8.0,Mac OS X,0.92,7.170888478512505,0,1,1,0,0,0,3317760,0,0,256,0,Intel,1.1,Intel Other,Intel,1,Intel Graphics
1085,Dell,Latitude 3570,Notebook,15.6,4.0,Windows 10,2.06,6.179975244927748,0,0,0,0,0,0,1049088,0,500,0,0,Intel,2.3,Intel i3,Intel,1,Intel Graphics
1086,HP,ProBook 650,Notebook,15.6,4.0,Windows 10,2.31,7.090076835776092,0,0,0,0,0,0,1049088,0,500,0,0,Intel,2.3,Intel i5,Intel,1,Intel Graphics
1087,HP,EliteBook 820,Ultrabook,12.5,8.0,Windows 7,1.26,7.090076835776092,1,0,0,0,0,0,2073600,256,0,0,0,Intel,2.3,Intel i5,Intel,1,Intel Graphics
1088,HP,ProBook 430,Notebook,13.3,8.0,Windows 10,1.49,6.994849985833071,1,0,0,0,0,0,2073600,256,0,0,0,Intel,2.7,Intel i7,Intel,1,Intel Graphics
1089,Lenovo,ThinkPad Yoga,Ultrabook,12.5,8.0,Windows 10,1.3,7.446870939281707,1,1,0,1,0,0,2073600,256,0,0,0,Intel,2.5,Intel i7,Intel,1,Intel Graphics
1090,Lenovo,IdeaPad 300-17ISK,Notebook,17.3,8.0,Windows 10,3.0,6.492239835020471,0,0,0,0,0,0,1440000,0,1024,0,0,Intel,2.3,Intel i5,AMD,0,AMD Radeon
1091,Lenovo,Ideapad 700-15ISK,Notebook,15.6,4.0,Windows 10,2.3,6.885509670034818,1,1,0,0,0,0,2073600,0,1024,0,0,Intel,2.3,Intel i5,Nvidia,0,Nvidia GeForce
1092,MSI,GT72VR Dominator,Gaming,17.3,16.0,Windows 10,3.78,7.824046010856292,1,0,0,0,0,0,2073600,256,1024,0,0,Intel,2.8,Intel i7,Nvidia,0,Nvidia GeForce
1093,Lenovo,V110-15ISK (i5-6200U/4GB/500GB/W10),Notebook,15.6,4.0,Windows 10,2.1,6.293419278846481,0,0,0,0,0,0,1049088,0,500,0,0,Intel,2.3,Intel i5,Intel,1,Intel Graphics
1094,HP,Probook 650,Notebook,15.6,4.0,Windows 7,2.31,6.846943139585379,1,0,0,0,0,0,2073600,0,500,0,0,Intel,2.3,Intel i5,Intel,1,Intel Graphics
1095,Lenovo,Yoga 900S-12ISK,Ultrabook,12.5,8.0,Windows 10,0.99,7.24422751560335,0,1,0,1,0,0,3686400,512,0,0,0,Intel,1.2,Intel Other,Intel,1,Intel Graphics
1096,Lenovo,IdeaPad Y900-17ISK,Gaming,17.3,32.0,Windows 10,4.6,8.083637203141548,1,1,0,0,0,0,2073600,512,0,0,1024,Intel,2.7,Intel i7,Nvidia,0,Nvidia GeForce
1097,Lenovo,Yoga Book,2 in 1 Convertible,10.1,4.0,Windows 10,0.69,6.472763518115628,0,1,0,1,0,0,2304000,0,0,64,0,Intel,1.44,Intel Other,Intel,1,Intel Graphics
1098,HP,Spectre x360,Ultrabook,13.3,16.0,Windows 10,1.3,7.6255950721324535,0,1,0,0,0,1,8294400,512,0,0,0,Intel,2.7,Intel i7,Intel,1,Intel Graphics
1099,Dell,Vostro 3568,Notebook,15.6,8.0,Windows 10,2.18,6.621405651764134,1,0,0,0,0,0,2073600,256,0,0,0,Intel,2.5,Intel i5,Intel,1,Intel Graphics
1100,HP,EliteBook 840,Notebook,14.0,4.0,Windows 7,1.54,6.9392442560720795,1,0,0,0,0,0,2073600,0,500,0,0,Intel,2.3,Intel i5,Intel,1,Intel Graphics
1101,HP,ZBook 15u,Workstation,15.6,8.0,Windows 7,1.9,7.310550158534422,1,0,0,0,0,0,2073600,256,0,0,0,Intel,2.5,Intel i7,AMD,0,AMD Graphics
1102,Lenovo,ThinkPad T460,Notebook,14.0,8.0,Windows 7,1.7,7.090076835776092,1,0,0,0,0,0,2073600,180,0,0,0,Intel,2.3,Intel i5,Intel,1,Intel Graphics
1103,HP,Chromebook 13,Notebook,13.3,4.0,Chrome OS,1.29,6.423246963533519,0,0,0,0,1,0,5760000,0,0,32,0,Intel,1.5,Intel Pentium,Intel,1,Intel Graphics
1104,Acer,Aspire ES1-523,Notebook,15.6,4.0,Windows 10,2.4,5.961005339623274,0,0,0,0,0,0,1049088,0,500,0,0,AMD,2.2,AMD A-Series,AMD,0,AMD Radeon
1105,Dell,Inspiron 3552,Notebook,15.6,4.0,Linux,2.2,5.977593791422191,0,0,0,0,0,0,1049088,0,500,0,0,Intel,1.6,Intel Pentium,Intel,1,Intel Graphics
1106,HP,250 G6,Notebook,15.6,4.0,No OS,1.86,5.849295961087796,0,0,0,0,0,0,1049088,0,1024,0,0,Intel,2.0,Intel i3,Intel,1,Intel Graphics
1107,Asus,Rog GL702VM-GC354T,Gaming,17.3,8.0,Windows 10,2.7,7.3777589082278725,1,1,0,0,0,0,2073600,256,1024,0,0,Intel,2.8,Intel i7,Nvidia,0,Nvidia GeForce
1108,Dell,Inspiron 5370,Ultrabook,13.3,4.0,Windows 10,1.4,6.708511342992233,1,1,0,0,0,0,2073600,256,0,0,0,Intel,1.6,Intel i5,AMD,0,AMD Radeon
1109,HP,Elitebook 820,Netbook,12.5,4.0,Windows 7,2.4,7.3777589082278725,0,0,0,0,0,0,1049088,128,0,0,0,Intel,2.3,Intel i5,Intel,1,Intel Graphics
1110,Acer,Aspire F5-573G,Notebook,15.6,8.0,Windows 10,2.4,6.684611727667927,1,0,0,0,0,0,2073600,256,1024,0,0,Intel,2.5,Intel i5,Nvidia,0,Nvidia GeForce
1111,Dell,Inspiron 5567,Notebook,15.6,8.0,Windows 10,2.36,6.461155627515417,1,0,0,0,0,0,2073600,0,1024,0,0,Intel,2.5,Intel i5,AMD,0,AMD Radeon
1112,MSI,GS70 Stealth,Gaming,17.3,8.0,Windows 10,2.6,7.3777589082278725,1,0,0,0,0,0,2073600,256,0,0,0,Intel,2.6,Intel i7,Nvidia,0,Nvidia GeForce
1113,HP,250 G5,Notebook,15.6,4.0,Windows 10,1.96,6.2166061010848646,0,0,0,0,0,0,1049088,0,1024,0,0,Intel,1.6,Intel Pentium,Intel,1,Intel Graphics
1114,Asus,G752VY-GC162T (i7-6700HQ/16GB/1TB,Gaming,17.3,16.0,Windows 10,4.3,7.7406644019172415,1,1,0,0,0,0,2073600,128,1024,0,0,Intel,2.6,Intel i7,Nvidia,0,Nvidia GeForce
1115,Dell,Latitude E5270,Ultrabook,12.5,4.0,Windows 7,1.5,7.035400632817807,0,0,0,0,0,0,1049088,0,500,0,0,Intel,2.3,Intel i3,Intel,1,Intel Graphics
1116,Dell,Latitude E5270,Ultrabook,12.5,4.0,Windows 7,1.5,7.063022478126802,0,0,0,0,0,0,1049088,128,0,0,0,Intel,2.3,Intel i3,Intel,1,Intel Graphics
1117,Acer,Chromebook 15,Notebook,15.6,4.0,Chrome OS,2.2,5.3471075307174685,0,0,0,0,0,0,1049088,16,0,0,0,Intel,1.5,Intel Celeron,Intel,1,Intel Graphics
1118,HP,ZBook 17,Workstation,17.3,8.0,Windows 7,3.0,7.9724660159745655,1,1,0,0,0,0,2073600,0,1024,0,0,Intel,2.6,Intel i7,AMD,0,AMD Graphics
1119,Lenovo,Legion Y520-15IKBN,Gaming,15.6,16.0,Windows 10,2.4,7.090076835776092,1,0,0,0,0,0,2073600,512,0,0,0,Intel,2.8,Intel i7,Nvidia,0,Nvidia GeForce
1120,Dell,Latitude E5270,Ultrabook,12.5,8.0,Windows 7,1.5,7.2542485653137305,0,0,0,0,0,0,1049088,256,0,0,0,Intel,2.3,Intel i5,Intel,1,Intel Graphics
1121,MSI,GE72 Apache,Gaming,17.3,8.0,Windows 10,2.9,7.32131421022041,1,0,0,0,0,0,2073600,128,1024,0,0,Intel,2.6,Intel i7,Nvidia,0,Nvidia GeForce
1122,Lenovo,Yoga 500-15ISK,2 in 1 Convertible,15.6,4.0,Windows 10,2.1,6.7661917146603505,1,1,0,1,0,0,2073600,256,0,0,0,Intel,2.3,Intel i5,Intel,1,Intel Graphics
1123,HP,15-bw011nv (A6-9220/4GB/1TB/FHD/W10),Notebook,15.6,4.0,Windows 10,2.1,5.988961416889864,1,0,0,0,0,0,2073600,0,1024,0,0,AMD,2.5,AMD A-Series,AMD,0,AMD Radeon
1124,Asus,Rog GL552VW-CN470T,Gaming,15.6,16.0,Windows 10,2.59,7.200424892944957,1,1,0,0,0,0,2073600,128,1024,0,0,Intel,2.6,Intel i7,Nvidia,0,Nvidia GeForce
1125,HP,EliteBook 1030,Notebook,13.3,8.0,Windows 10,1.16,7.438383530044307,0,0,0,1,1,0,5760000,256,0,0,0,Intel,1.1,Intel Other,Intel,1,Intel Graphics
1126,Dell,Vostro 3559,Notebook,15.6,4.0,Windows 7,2.24,6.646585301070466,0,0,0,0,0,0,1049088,0,500,0,0,Intel,2.3,Intel i5,AMD,0,AMD Radeon
1127,Lenovo,V110-15ISK (i3-6006U/4GB/128GB/W10),Notebook,15.6,4.0,Windows 10,2.1,6.063785208687608,0,0,0,0,0,0,1049088,128,0,0,0,Intel,2.0,Intel i3,Intel,1,Intel Graphics
1128,HP,Spectre Pro,Ultrabook,13.3,8.0,Windows 10,1.16,7.585788821732034,1,0,0,0,0,0,2073600,512,0,0,0,Intel,2.5,Intel i7,Intel,1,Intel Graphics
1129,Lenovo,Yoga Book,2 in 1 Convertible,10.1,4.0,Android,0.69,6.309918278226516,0,1,0,1,0,0,2304000,0,0,64,0,Intel,1.44,Intel Other,Intel,1,Intel Graphics
1130,Dell,XPS 13,Ultrabook,13.3,8.0,Windows 10,1.23,7.22983877815125,1,0,0,0,0,0,2073600,256,0,0,0,Intel,2.4,Intel i7,Intel,1,Intel Graphics
1131,Lenovo,IdeaPad Y900-17ISK,Gaming,17.3,16.0,Windows 10,4.6,7.919716125876165,1,1,0,0,0,0,2073600,256,0,0,1024,Intel,2.7,Intel i7,Nvidia,0,Nvidia GeForce
1132,Razer,Blade Stealth,Ultrabook,12.5,8.0,Windows 10,1.25,6.937314081223682,0,0,0,1,0,1,8294400,256,0,0,0,Intel,2.5,Intel i7,Intel,1,Intel Graphics
1133,Toshiba,Portege X30-D-10K,Ultrabook,13.3,16.0,Windows 10,1.05,7.708410667257367,1,0,0,0,0,0,2073600,512,0,0,0,Intel,2.7,Intel i7,Intel,1,Intel Graphics
1134,Asus,Rog GL752VW-T4308T,Gaming,17.3,8.0,Windows 10,3.52,7.180442995849564,1,0,0,0,0,0,2073600,128,1024,0,0,Intel,2.6,Intel i7,Nvidia,0,Nvidia GeForce
1135,Vero,V131 (X5-Z8350/4GB/32GB/FHD/W10),Notebook,13.3,4.0,Windows 10,1.35,5.2832037287379885,1,0,0,0,0,0,2073600,0,0,32,0,Intel,1.44,Intel Other,Intel,1,Intel Graphics
1136,HP,Spectre Pro,Notebook,13.3,8.0,Windows 10,1.16,7.43307534889858,1,0,0,0,0,0,2073600,256,0,0,0,Intel,2.3,Intel i5,Intel,1,Intel Graphics
1137,HP,EliteBook 1040,Notebook,14.0,8.0,Windows 7,1.43,7.322510433997394,1,0,0,0,0,0,2073600,256,0,0,0,Intel,2.3,Intel i5,Intel,1,Intel Graphics
1138,Dell,Latitude E5570,Notebook,15.6,4.0,Linux,2.09,6.262693252225446,0,0,0,0,0,0,1049088,0,500,0,0,Intel,2.3,Intel i5,Intel,1,Intel Graphics
1139,Asus,VivoBook Max,Notebook,15.6,4.0,Windows 10,2.0,6.077642243349034,0,0,0,0,0,0,1049088,0,1024,0,0,Intel,2.4,Intel i3,Intel,1,Intel Graphics
1140,Lenovo,ThinkPad Yoga,2 in 1 Convertible,14.0,8.0,Windows 10,1.8,7.4205789054108005,1,1,0,1,0,0,2073600,256,0,0,0,Intel,2.5,Intel i7,Intel,1,Intel Graphics
1141,Lenovo,Yoga Book,2 in 1 Convertible,10.1,4.0,Windows 10,0.69,6.173786103901937,0,1,0,1,0,0,2304000,0,0,64,0,Intel,1.44,Intel Other,Intel,1,Intel Graphics
1142,HP,EliteBook 820,Ultrabook,12.5,8.0,Windows 7,1.26,7.547501682814967,0,0,0,0,0,0,1049088,256,0,0,0,Intel,2.4,Intel i5,Intel,1,Intel Graphics
1143,Lenovo,Legion Y520-15IKBN,Gaming,15.6,8.0,No OS,2.4,6.897704943128636,1,1,0,0,0,0,2073600,128,1024,0,0,Intel,2.5,Intel i5,Nvidia,0,Nvidia GeForce
1144,HP,Omen -,Gaming,17.3,8.0,Windows 10,3.35,7.029972911706386,1,1,0,0,0,0,2073600,128,1024,0,0,Intel,2.3,Intel i5,Nvidia,0,Nvidia GeForce
1145,HP,15-bs078cl (i7-7500U/8GB/2TB/W10),Notebook,15.6,8.0,Windows 10,2.04,6.4457198193855785,0,0,0,0,0,0,1049088,0,2048,0,0,Intel,2.7,Intel i7,Intel,1,Intel Graphics
1146,Lenovo,ThinkPad P40,2 in 1 Convertible,14.0,8.0,Windows 7,1.8,7.626268016386377,1,1,0,1,0,0,2073600,512,0,0,0,Intel,2.6,Intel i7,Nvidia,0,Nvidia Quadro
1147,Asus,L403NA-GA013TS (N3350/4GB/32GB/W10),Notebook,14.0,4.0,Windows 10,1.5,5.631211781821365,0,0,0,0,0,0,1049088,0,0,32,0,Intel,1.1,Intel Celeron,Intel,1,Intel Graphics
1148,HP,250 G6,Ultrabook,15.6,8.0,Windows 10,1.84,6.6240652277998935,1,0,0,0,0,0,2073600,256,0,0,0,Intel,2.7,Intel i7,Intel,1,Intel Graphics
1149,Acer,Aspire E5-576G,Notebook,15.6,4.0,Windows 10,2.23,6.424869023905388,1,0,0,0,0,0,2073600,0,1024,0,0,Intel,2.5,Intel i5,Nvidia,0,Nvidia GeForce
1150,Lenovo,IdeaPad 500-15ISK,Notebook,15.6,16.0,Windows 10,2.5,7.003065458786462,1,0,0,0,0,0,2073600,0,0,0,1024,Intel,2.5,Intel i7,AMD,0,AMD Radeon
1151,HP,ZBook 17,Workstation,17.3,8.0,Windows 7,3.0,8.281572118590915,1,1,0,0,0,0,2073600,256,0,0,0,Intel,2.6,Intel i7,Nvidia,0,Nvidia Quadro
1153,Dell,Inspiron 5567,Notebook,15.6,8.0,Windows 10,2.5,6.665683717782408,0,0,0,0,0,0,1049088,0,1024,0,0,Intel,2.5,Intel i5,AMD,0,AMD Radeon
1154,MSI,GT72S Dominator,Gaming,17.3,16.0,Windows 10,3.78,7.783224016336037,1,0,0,0,0,0,2073600,256,1024,0,0,Intel,2.7,Intel i7,Nvidia,0,Nvidia GeForce
1155,HP,EliteBook 850,Ultrabook,15.6,8.0,Windows 7,1.88,7.683735117835295,1,0,0,0,0,0,2073600,256,0,0,0,Intel,2.5,Intel i7,Intel,1,Intel Graphics
1156,Lenovo,ThinkPad X1,2 in 1 Convertible,14.0,16.0,Windows 10,2.8,7.80016307039296,0,1,0,1,0,0,3686400,512,0,0,0,Intel,2.6,Intel i7,Intel,1,Intel Graphics
1157,MSI,GP62M 7RDX,Gaming,15.6,8.0,Windows 10,2.4,7.042111331481216,1,0,0,0,0,0,2073600,128,1024,0,0,Intel,2.8,Intel i7,Nvidia,0,Nvidia GeForce
1160,HP,Spectre Pro,2 in 1 Convertible,13.3,8.0,Windows 10,1.48,7.396335293800808,1,0,0,1,0,0,2073600,256,0,0,0,Intel,2.4,Intel i5,Intel,1,Intel Graphics
1161,HP,ZBook 15,Workstation,15.6,8.0,Windows 7,2.59,7.709756864454165,1,1,0,0,0,0,2073600,256,0,0,0,Intel,2.6,Intel i7,Nvidia,0,Nvidia Quadro
1162,HP,Spectre Pro,2 in 1 Convertible,13.3,8.0,Windows 10,1.48,7.495541943884256,0,0,0,1,0,0,3686400,256,0,0,0,Intel,2.6,Intel i7,Intel,1,Intel Graphics
1163,HP,ZBook Studio,Workstation,15.6,8.0,Windows 7,2.0,7.549609165154532,1,0,0,0,0,0,2073600,256,0,0,0,Intel,2.6,Intel i7,Nvidia,0,Nvidia Quadro
1164,HP,EliteBook 820,Ultrabook,12.5,8.0,Windows 7,1.26,7.739772700121512,1,0,0,0,0,0,2073600,256,0,0,0,Intel,2.5,Intel i7,Intel,1,Intel Graphics
1165,Dell,Vostro 5568,Notebook,15.6,8.0,Windows 10,2.18,6.918596302160012,1,0,0,0,0,0,2073600,256,0,0,0,Intel,2.7,Intel i7,Nvidia,0,Nvidia GeForce
1166,HP,EliteBook 850,Notebook,15.6,8.0,Windows 7,1.88,7.365180126021013,1,0,0,0,0,0,2073600,256,0,0,0,Intel,2.3,Intel i5,Intel,1,Intel Graphics
1167,Lenovo,ThinkPad X1,2 in 1 Convertible,14.0,8.0,Windows 10,1.27,7.757906208351747,0,1,0,1,0,0,3686400,256,0,0,0,Intel,2.5,Intel i7,Intel,1,Intel Graphics
1168,Lenovo,V110-15ISK (i3-6006U/4GB/1TB/No,Notebook,15.6,4.0,No OS,1.9,5.8289456176102075,0,0,0,0,0,0,1049088,0,1024,0,0,Intel,2.0,Intel i3,Intel,1,Intel Graphics
1169,HP,15-BA015wm (E2-7110/4GB/500GB/W10),Notebook,15.6,4.0,Windows 10,1.86,5.697093486505405,0,0,0,0,0,0,1049088,0,500,0,0,AMD,1.8,AMD Other,AMD,0,AMD Radeon
1170,Lenovo,B51-80 (i5-6200U/8GB/1TB/Radeon,Notebook,15.6,8.0,No OS,2.32,6.396929655216146,1,0,0,0,0,0,2073600,0,1024,0,0,Intel,2.3,Intel i5,AMD,0,AMD Radeon
1171,Dell,Inspiron 7567,Gaming,15.6,8.0,Windows 10,2.62,7.090076835776092,1,0,0,0,0,0,2073600,0,1024,0,0,Intel,2.8,Intel i7,Nvidia,0,Nvidia GeForce
1172,Dell,XPS 15,Notebook,15.6,8.0,Windows 10,2.04,7.719431883248258,0,1,0,1,0,1,8294400,256,0,0,0,Intel,2.3,Intel i5,Nvidia,0,Nvidia GeForce
1173,HP,15-bw002nv (A6-9220/4GB/256GB/Radeon,Notebook,15.6,4.0,Windows 10,1.91,6.173556910972577,1,0,0,0,0,0,2073600,256,0,0,0,AMD,2.5,AMD A-Series,AMD,0,AMD Radeon
1174,MSI,GP72M 7REX,Gaming,17.3,16.0,Windows 10,2.7,7.309078487922966,1,0,0,0,0,0,2073600,256,1024,0,0,Intel,2.8,Intel i7,Nvidia,0,Nvidia GeForce
1175,Lenovo,ThinkPad T460s,Ultrabook,14.0,12.0,Windows 7,1.4,7.7406644019172415,1,0,0,0,0,0,2073600,512,0,0,0,Intel,2.6,Intel i7,Intel,1,Intel Graphics
1176,Lenovo,B51-80 (i5-6200U/8GB/1008GB/Radeon,Notebook,15.6,8.0,Windows 10,2.5,6.67138716737102,1,0,0,0,0,0,2073600,0,0,0,1024,Intel,2.3,Intel i5,AMD,0,AMD Radeon
1177,HP,Spectre Pro,2 in 1 Convertible,13.3,8.0,Windows 10,1.48,7.621684998724611,0,0,0,1,0,0,3686400,512,0,0,0,Intel,2.6,Intel i7,Intel,1,Intel Graphics
1178,Lenovo,ThinkPad T460,Ultrabook,14.0,8.0,Windows 7,1.7,7.313220387090301,1,0,0,0,0,0,2073600,256,0,0,0,Intel,2.6,Intel i7,Intel,1,Intel Graphics
1179,MSI,GS40 Phantom,Gaming,14.0,16.0,Windows 10,1.7,7.478734825567875,1,0,0,0,0,0,2073600,256,1024,0,0,Intel,2.6,Intel i7,Nvidia,0,Nvidia GeForce
1180,HP,Pavilion 15-cb003nv,Gaming,15.6,8.0,Windows 10,2.62,6.802394763324311,1,1,0,0,0,0,2073600,0,1024,0,0,Intel,2.8,Intel i7,Nvidia,0,Nvidia GeForce
1181,Lenovo,IdeaPad 310-15ISK,Notebook,15.6,8.0,Windows 10,2.2,6.131226489483141,0,0,0,0,0,0,1049088,0,1024,0,0,Intel,2.0,Intel i3,Intel,1,Intel Graphics
1182,HP,250 G4,Notebook,15.6,4.0,No OS,2.1,6.1695898117705275,0,0,0,0,0,0,1049088,0,500,0,0,Intel,2.3,Intel i5,Intel,1,Intel Graphics
1183,Dell,Inspiron 7567,Gaming,15.6,8.0,Windows 10,2.62,7.312553498102598,0,0,0,0,0,1,8294400,128,1024,0,0,Intel,2.8,Intel i7,Nvidia,0,Nvidia GeForce
1184,Lenovo,ThinkPad T570,Notebook,15.6,8.0,Windows 10,1.95,7.237778191923443,1,1,0,0,0,0,2073600,256,0,0,0,Intel,2.5,Intel i5,Intel,1,Intel Graphics
1185,Lenovo,320-15ISK (i3-6006U/4GB/1TB/GeForce,Notebook,15.6,4.0,Windows 10,2.2,6.150602768446279,1,0,0,0,0,0,2073600,0,1024,0,0,Intel,2.0,Intel i3,Nvidia,0,Nvidia GeForce
1186,HP,Stream 14-AX000nv,Notebook,14.0,2.0,Windows 10,1.44,5.521460917862246,0,0,0,0,0,0,1049088,0,0,32,0,Intel,1.6,Intel Celeron,Intel,1,Intel Graphics
1187,MSI,PL60 7RD,Gaming,15.6,8.0,Windows 10,2.2,6.733401891837359,1,1,0,0,0,0,2073600,0,1024,0,0,Intel,2.7,Intel i7,Nvidia,0,Nvidia GeForce
1188,HP,250 G5,Notebook,15.6,8.0,Windows 10,1.96,6.522092798170152,1,0,0,0,0,0,2073600,256,0,0,0,Intel,2.5,Intel i7,Intel,1,Intel Graphics
1189,HP,ProBook 450,Notebook,15.6,16.0,Windows 10,2.1,7.05617528410041,1,0,0,0,0,0,2073600,512,0,0,0,Intel,1.8,Intel i7,Intel,1,Intel Graphics
1190,Asus,X553SA-XX021T (N3050/4GB/500GB/W10),Notebook,15.6,4.0,Windows 10,2.2,5.91350300563827,0,0,0,0,0,0,1049088,0,500,0,0,Intel,1.6,Intel Celeron,Intel,1,Intel Graphics
1191,Lenovo,V110-15ISK (i5-6200U/4GB/500GB/No,Notebook,15.6,4.0,No OS,2.1,5.988961416889864,0,0,0,0,0,0,1049088,0,500,0,0,Intel,2.3,Intel i5,Intel,1,Intel Graphics
1192,Lenovo,IdeaPad 510-15IKB,Notebook,15.6,8.0,No OS,2.2,6.565264970035361,1,0,0,0,0,0,2073600,0,1024,0,0,Intel,2.7,Intel i7,Nvidia,0,Nvidia GeForce
1193,Asus,UX410UA-GV097T (i3-7100U/4GB/256GB/FHD/W10),Notebook,14.0,4.0,Windows 10,2.0,6.646390514847729,1,0,0,0,0,0,2073600,256,0,0,0,Intel,2.4,Intel i3,Intel,1,Intel Graphics
1194,Lenovo,B51-80 (i7-6500U/4GB/1008GB/FHD/W7),Notebook,15.6,4.0,Windows 7,2.32,6.716594773520978,1,0,0,0,0,0,2073600,0,0,0,1024,Intel,2.5,Intel i7,Intel,1,Intel Graphics
1195,Lenovo,IdeaPad Y700-15ISK,Gaming,15.6,16.0,Windows 10,3.31,7.174724309836376,1,1,0,0,0,0,2073600,512,0,0,0,Intel,2.6,Intel i7,Nvidia,0,Nvidia GeForce
1196,MSI,GS60 Ghost,Gaming,15.6,16.0,Windows 10,1.91,7.6752536164097185,1,0,0,0,0,0,2073600,128,1024,0,0,Intel,2.6,Intel i7,Nvidia,0,Nvidia GeForce
1197,HP,ProBook 450,Notebook,15.6,4.0,Windows 10,2.07,6.478509642208569,0,0,0,0,0,0,1049088,0,500,0,0,Intel,2.3,Intel i3,Intel,1,Intel Graphics
1198,Lenovo,ThinkPad X1,2 in 1 Convertible,14.0,8.0,Windows 10,1.36,7.401231264413015,0,1,0,1,0,0,3686400,256,0,0,0,Intel,2.3,Intel i5,Intel,1,Intel Graphics
1199,Lenovo,IdeaPad 310-15IKB,Ultrabook,15.6,6.0,Windows 10,1.54,6.723832440821209,1,0,0,0,0,0,2073600,256,0,0,0,Intel,2.7,Intel i7,Nvidia,0,Nvidia GeForce
1200,Dell,Vostro 5568,Notebook,15.6,8.0,Linux,1.98,6.797951573626936,1,0,0,0,0,0,2073600,256,0,0,0,Intel,2.7,Intel i7,Nvidia,0,Nvidia GeForce
1201,Acer,Aspire 3,Notebook,15.6,4.0,Windows 10,2.1,5.811140992976701,0,0,0,0,0,0,1049088,0,500,0,0,Intel,2.0,Intel Celeron,Intel,1,Intel Graphics
1202,HP,Pavilion 15-BC000nv,Notebook,15.6,6.0,Windows 10,2.18,6.684611727667927,1,1,0,0,0,0,2073600,0,1024,0,0,Intel,2.6,Intel i7,Nvidia,0,Nvidia GeForce
1203,Asus,Rog GL552VW-DM201T,Gaming,15.6,8.0,Windows 10,2.591,6.813444599510896,1,1,0,0,0,0,2073600,256,1024,0,0,Intel,2.6,Intel i7,Nvidia,0,Nvidia GeForce
1204,Dell,Inspiron 5578,2 in 1 Convertible,15.6,16.0,Windows 10,2.09,7.07326971745971,1,0,0,1,0,0,2073600,512,0,0,0,Intel,2.7,Intel i7,Intel,1,Intel Graphics
1205,Acer,Aspire E5-576G,Notebook,15.6,4.0,Windows 10,2.23,6.539585955617669,1,0,0,0,0,0,2073600,256,0,0,0,Intel,2.5,Intel i5,Nvidia,0,Nvidia GeForce
1206,Dell,XPS 13,Ultrabook,13.3,8.0,Linux,1.23,7.003065458786462,0,0,0,1,1,0,5760000,256,0,0,0,Intel,2.4,Intel i5,Intel,1,Intel Graphics
1207,Acer,Predator G9-793,Gaming,17.3,16.0,Windows 10,4.2,7.8632667240095735,1,1,0,0,0,0,2073600,256,1024,0,0,Intel,2.8,Intel i7,Nvidia,0,Nvidia GeForce
1208,Lenovo,Legion Y520-15IKBN,Gaming,15.6,8.0,Windows 10,2.4,6.709304340258298,1,1,0,0,0,0,2073600,0,1024,0,0,Intel,2.5,Intel i5,Nvidia,0,Nvidia GeForce
1209,Samsung,Chromebook Plus,2 in 1 Convertible,12.3,4.0,Chrome OS,1.15,6.492239835020471,0,1,0,1,0,0,3840000,0,0,32,0,Samsung,2.0,Samsung Other,ARM,0,ARM Graphics
1210,HP,250 G6,Notebook,15.6,4.0,Windows 10,1.86,6.186208623900494,0,0,0,0,0,0,1049088,0,500,0,0,Intel,2.5,Intel i5,Intel,1,Intel Graphics
1211,Apple,"MacBook 12""",Ultrabook,12.0,8.0,Mac OS X,0.92,7.059617628291383,0,1,1,0,0,0,3317760,0,0,256,0,Intel,1.1,Intel Other,Intel,1,Intel Graphics
1212,Dell,Inspiron 7378,2 in 1 Convertible,13.3,8.0,Windows 10,1.6,7.090076835776092,1,1,0,1,0,0,2073600,256,0,0,0,Intel,2.5,Intel i5,Intel,1,Intel Graphics
1213,HP,Pavilion Power,Notebook,15.6,12.0,Windows 10,2.21,7.191429330036379,1,1,0,0,0,0,2073600,128,1024,0,0,Intel,2.8,Intel i7,Nvidia,0,Nvidia GeForce
1214,Lenovo,V110-15ISK (i3-6006U/4GB/1TB/Radeon,Notebook,15.6,4.0,No OS,1.9,5.910796644040527,0,0,0,0,0,0,1049088,0,1024,0,0,Intel,2.0,Intel i3,AMD,0,AMD Radeon
1215,Asus,Rog G752VY-GC229T,Gaming,17.3,16.0,Windows 10,4.3,7.67368812926773,1,1,0,0,0,0,2073600,512,1024,0,0,Intel,2.6,Intel i7,Nvidia,0,Nvidia GeForce
1216,Acer,Aspire 3,Notebook,15.6,4.0,Linux,2.1,5.60947179518496,0,0,0,0,0,0,1049088,0,1024,0,0,Intel,2.0,Intel Celeron,Intel,1,Intel Graphics
1217,MSI,GS73VR 7RF,Gaming,17.3,16.0,Windows 10,2.43,7.625546290454842,1,0,0,0,0,0,2073600,256,1024,0,0,Intel,2.8,Intel i7,Nvidia,0,Nvidia GeForce
1218,Dell,Inspiron 5567,Notebook,15.6,4.0,Windows 10,2.3,6.214608098422191,0,0,0,0,0,0,1049088,128,0,0,0,Intel,2.0,Intel i3,AMD,0,AMD Radeon
1219,Lenovo,IdeaPad 310-15ISK,Notebook,15.6,8.0,No OS,2.2,6.4457198193855785,0,0,0,0,0,0,1049088,0,500,0,0,Intel,2.5,Intel i7,Nvidia,0,Nvidia GeForce
1220,Dell,Inspiron 5579,2 in 1 Convertible,15.6,16.0,Windows 10,2.0,7.1592919047975645,1,0,0,1,0,0,2073600,512,0,0,0,Intel,1.8,Intel i7,Intel,1,Intel Graphics
1221,Dell,XPS 13,Ultrabook,13.3,16.0,Windows 10,1.2,7.893945138235959,0,0,0,1,1,0,5760000,512,0,0,0,Intel,2.7,Intel i7,Intel,1,Intel Graphics
1222,Asus,FX502VM-DM105T (i7-6700HQ/8GB/1TB/GeForce,Gaming,15.6,8.0,Windows 10,2.2,7.064759027791802,1,0,0,0,0,0,2073600,0,1024,0,0,Intel,2.6,Intel i7,Nvidia,0,Nvidia GeForce
1223,Dell,Inspiron 5567,Notebook,15.6,8.0,Windows 10,2.36,6.7912214627261855,1,0,0,0,0,0,2073600,256,0,0,0,Intel,2.5,Intel i5,AMD,0,AMD Radeon
1224,HP,15-bs025nv (i5-7200U/8GB/256GB/W10),Notebook,15.6,8.0,Windows 10,1.91,6.363028103540465,0,0,0,0,0,0,1049088,256,0,0,0,Intel,2.5,Intel i5,Intel,1,Intel Graphics
1225,Lenovo,IdeaPad 320-15AST,Notebook,15.6,4.0,Windows 10,2.2,5.703782474656201,0,0,0,0,0,0,1049088,0,500,0,0,AMD,2.2,AMD Other,AMD,0,AMD Radeon
1226,Acer,Aspire E5-774G,Notebook,17.3,8.0,Windows 10,3.3,6.4457198193855785,0,0,0,0,0,0,1440000,0,1024,0,0,Intel,2.0,Intel i3,Nvidia,0,Nvidia GeForce
1227,Asus,Rog Strix,Gaming,15.6,16.0,Windows 10,2.2,7.803843303538772,1,0,0,0,0,0,2073600,256,1024,0,0,Intel,2.8,Intel i7,Nvidia,0,Nvidia GeForce
1228,Apple,"MacBook 12""",Ultrabook,12.0,8.0,Mac OS X,0.92,7.154615356913663,0,1,1,0,0,0,3317760,0,0,512,0,Intel,1.2,Intel Other,Intel,1,Intel Graphics
1229,Asus,FX502VM-AS73 (i7-7700HQ/16GB/1TB,Notebook,15.6,16.0,Windows 10,2.2,7.4673710669175595,1,0,0,0,0,0,2073600,128,1024,0,0,Intel,2.8,Intel i7,Nvidia,0,Nvidia GeForce
1230,MSI,GS73VR Stealth,Gaming,17.3,16.0,Windows 10,2.43,7.575579523339515,1,1,0,0,0,0,2073600,256,1024,0,0,Intel,2.6,Intel i7,Nvidia,0,Nvidia GeForce
1231,Dell,Inspiron 7579,2 in 1 Convertible,15.6,8.0,Windows 10,2.191,6.907755278982137,1,1,0,1,0,0,2073600,256,0,0,0,Intel,2.5,Intel i5,Intel,1,Intel Graphics
1232,Asus,ROG Strix,Gaming,17.3,16.0,Windows 10,2.9,7.575584651557793,1,0,0,0,0,0,2073600,256,1024,0,0,Intel,2.8,Intel i7,Nvidia,0,Nvidia GeForce
1233,Acer,C740-C9QX (3205U/2GB/32GB/Chrome,Netbook,11.6,2.0,Chrome OS,1.3,5.1647859739235145,0,0,0,0,0,0,1049088,32,0,0,0,Intel,1.5,Intel Celeron,Intel,1,Intel Graphics
1234,Acer,E5 774G,Notebook,17.3,4.0,Windows 10,3.3,6.395261598115449,0,0,0,0,0,0,1440000,0,1024,0,0,Intel,2.0,Intel i3,Nvidia,0,Nvidia GeForce
1235,Lenovo,IdeaPad 320-17IKB,Notebook,17.3,8.0,No OS,2.8,6.29156913955832,0,0,0,0,0,0,1440000,0,1024,0,0,Intel,2.5,Intel i5,Intel,1,Intel Graphics
1236,Lenovo,IdeaPad Y700-15ISK,Gaming,15.6,8.0,Windows 10,2.6,7.149131598557407,1,1,0,0,0,0,2073600,128,1024,0,0,Intel,2.6,Intel i7,Nvidia,0,Nvidia GeForce
1237,Acer,SP714-51 (i7-7Y75/8GB/256GB/FHD/W10),2 in 1 Convertible,14.0,8.0,Windows 10,1.2,7.047517221357296,1,1,0,1,0,0,2073600,256,0,0,0,Intel,1.3,Intel i7,Intel,1,Intel Graphics
1238,Lenovo,Thinkpad T560,Notebook,15.6,8.0,Windows 10,2.3,7.333023014386481,1,1,0,0,0,0,2073600,256,0,0,0,Intel,2.6,Intel i7,Intel,1,Intel Graphics
1239,MSI,GP62MVR 6RF,Gaming,15.6,8.0,Windows 10,2.2,7.297842755045979,1,0,0,0,0,0,2073600,128,1024,0,0,Intel,2.6,Intel i7,Nvidia,0,Nvidia GeForce
1240,HP,15-bw009nv (A12-9720P/6GB/1TB/Radeon,Notebook,15.6,6.0,Windows 10,2.1,6.272877006546167,1,0,0,0,0,0,2073600,0,1024,0,0,AMD,2.7,AMD Other,AMD,0,AMD Radeon
1241,Dell,Latitude E7270,Ultrabook,12.5,8.0,Windows 7,1.26,7.44680094517285,1,0,0,1,0,0,2073600,256,0,0,0,Intel,2.4,Intel i5,Intel,1,Intel Graphics
1242,Dell,Inspiron 5578,2 in 1 Convertible,15.0,4.0,Windows 10,2.08,6.234410725718371,1,0,0,1,0,0,2073600,0,500,0,0,Intel,2.4,Intel i3,Intel,1,Intel Graphics
1243,Asus,X540SA-RBPDN09 (N3710/4GB/1TB/W10),Notebook,15.6,4.0,Windows 10,2.65,5.736572297479192,0,0,0,0,0,0,1049088,0,1024,0,0,Intel,1.6,Intel Pentium,Intel,1,Intel Graphics
1244,Dell,XPS 13,Ultrabook,13.3,8.0,Windows 10,1.29,7.298445101508147,0,0,0,1,1,0,5760000,256,0,0,0,Intel,2.7,Intel i7,Intel,1,Intel Graphics
1245,Dell,Vostro 3568,Notebook,15.6,4.0,Linux,2.18,6.259313741806043,0,0,0,0,0,0,1049088,0,1024,0,0,Intel,2.5,Intel i5,Intel,1,Intel Graphics
1246,Lenovo,IdeaPad Y700-15ISK,Gaming,15.6,16.0,Windows 10,2.6,6.937314081223682,1,1,0,1,0,0,2073600,128,1024,0,0,Intel,2.6,Intel i7,Nvidia,0,Nvidia GeForce
1247,MSI,GL62M 7RDX,Gaming,15.6,8.0,Windows 10,2.2,7.047517221357296,1,0,0,0,0,0,2073600,128,1024,0,0,Intel,2.8,Intel i7,Nvidia,0,Nvidia GeForce
1248,Lenovo,ThinkPad Yoga,Netbook,12.5,16.0,Windows 10,1.3,7.409136443920128,1,1,0,1,0,0,2073600,512,0,0,0,Intel,2.5,Intel i7,Intel,1,Intel Graphics
1249,Razer,Blade Pro,Gaming,14.0,16.0,Windows 10,1.95,8.160518247477505,1,0,0,0,0,0,2073600,1024,0,0,0,Intel,2.8,Intel i7,Nvidia,0,Nvidia GeForce
1250,Dell,Inspiron 3567,Notebook,15.6,8.0,Windows 10,2.3,6.152753971073506,0,0,0,1,0,0,1049088,0,1024,0,0,Intel,2.4,Intel i3,Intel,1,Intel Graphics
1251,MSI,GE72VR Apache,Gaming,17.3,16.0,Windows 10,2.7,7.377133712833954,1,0,0,0,0,0,2073600,256,1024,0,0,Intel,2.8,Intel i7,Nvidia,0,Nvidia GeForce
1252,Apple,MacBook Air,Ultrabook,11.6,4.0,Mac OS X,1.08,6.866933284461882,0,0,0,0,0,0,1049088,0,0,256,0,Intel,1.6,Intel i5,Intel,1,Intel Graphics
1253,HP,15-bs023nv (i3-6006U/4GB/1TB/FHD/W10),Notebook,15.6,4.0,Windows 10,2.1,6.171700597410915,1,0,0,0,0,0,2073600,0,1024,0,0,Intel,2.0,Intel i3,Intel,1,Intel Graphics
1254,HP,EliteBook 840,Ultrabook,14.0,8.0,Windows 7,1.54,7.695844389732659,0,0,0,0,0,0,3686400,256,0,0,0,Intel,2.5,Intel i7,Intel,1,Intel Graphics
1255,Dell,Vostro 3559,Notebook,15.6,4.0,Windows 7,2.24,6.6039438246004725,0,0,0,0,0,0,1049088,0,500,0,0,Intel,2.3,Intel i5,Intel,1,Intel Graphics
1256,MSI,GL62 6QF,Gaming,15.6,8.0,Windows 10,2.3,7.064759027791802,1,0,0,0,0,0,2073600,128,1024,0,0,Intel,2.6,Intel i7,Nvidia,0,Nvidia GeForce
1257,Lenovo,ThinkPad 13,Notebook,13.3,16.0,Windows 10,1.4,7.313220387090301,1,1,0,0,0,0,2073600,512,0,0,0,Intel,2.7,Intel i7,Intel,1,Intel Graphics
1258,Lenovo,IdeaPad 320-15ABR,Notebook,15.6,6.0,Windows 10,2.2,6.394543477223177,1,0,0,0,0,0,2073600,256,0,0,0,AMD,3.6,AMD Other,AMD,0,AMD Radeon
1259,Asus,ZenBook UX310UA-WB71,Ultrabook,13.3,8.0,Windows 10,1.45,7.155396301896734,1,0,0,0,0,0,2073600,256,0,0,0,Intel,2.5,Intel i7,Intel,1,Intel Graphics
1260,Acer,Aspire ES1-572,Notebook,15.6,4.0,Linux,2.4,5.893851718240982,0,0,0,0,0,0,1049088,0,500,0,0,Intel,2.0,Intel i3,Intel,1,Intel Graphics
1261,Dell,Inspiron 7779,2 in 1 Convertible,17.3,16.0,Windows 10,2.77,7.495541943884256,1,0,0,1,0,0,2073600,512,0,0,0,Intel,2.7,Intel i7,Nvidia,0,Nvidia GeForce
1262,HP,EliteBook 840,Notebook,14.0,4.0,Windows 7,1.54,7.003965054029298,1,0,0,0,0,0,2073600,256,0,0,0,Intel,2.3,Intel i5,Intel,1,Intel Graphics
1263,Asus,Rog GL553VE-FY052T,Gaming,15.6,16.0,Windows 10,2.5,7.3783837129967145,1,1,0,0,0,0,2073600,256,1024,0,0,Intel,2.8,Intel i7,Nvidia,0,Nvidia GeForce
1264,Dell,Latitude 5480,Notebook,14.0,4.0,Windows 10,1.6,6.775366090936392,0,0,0,0,0,0,1049088,0,500,0,0,Intel,2.5,Intel i5,Intel,1,Intel Graphics
1265,Asus,Rog GL502VS,Gaming,15.6,16.0,Windows 10,2.34,7.75190533307861,1,1,0,0,0,0,2073600,256,1024,0,0,Intel,2.6,Intel i7,Nvidia,0,Nvidia GeForce
1266,Lenovo,V510-15IKB (i5-7200U/8GB/256GB/FHD/No,Notebook,15.6,8.0,No OS,2.3,6.352629396319567,1,1,0,0,0,0,2073600,256,0,0,0,Intel,2.5,Intel i5,Intel,1,Intel Graphics
1267,Dell,XPS 13,2 in 1 Convertible,13.3,8.0,Windows 10,1.24,7.503289630675082,0,0,0,1,1,0,5760000,256,0,0,0,Intel,1.2,Intel i5,Intel,1,Intel Graphics
1268,Dell,Inspiron 3552,Notebook,15.6,4.0,Linux,2.2,5.783825182329737,0,0,0,0,0,0,1049088,0,500,0,0,Intel,1.6,Intel Pentium,Intel,1,Intel Graphics
1269,HP,255 G6,Notebook,15.6,4.0,Windows 10,1.86,5.991464547107982,0,0,0,0,0,0,1049088,0,500,0,0,AMD,2.5,AMD A-Series,AMD,0,AMD Radeon
1270,Lenovo,IdeaPad 310-15ISK,Notebook,15.6,6.0,Windows 10,2.4,6.345636360828596,1,0,0,0,0,0,2073600,128,0,0,0,Intel,2.3,Intel i3,Nvidia,0,Nvidia GeForce
1271,Lenovo,ThinkPad L460,Notebook,14.0,8.0,Windows 10,1.9,6.9782137426306985,1,1,0,0,0,0,2073600,256,0,0,0,Intel,2.3,Intel i5,Intel,1,Intel Graphics
1272,Dell,Inspiron 3552,Notebook,15.6,4.0,Windows 10,2.2,6.09805181000363,0,0,0,0,0,0,1049088,0,500,0,0,Intel,1.6,Intel Pentium,Intel,1,Intel Graphics
1273,Asus,X541NA-GO020T (N3350/4GB/1TB/W10),Notebook,15.6,4.0,Windows 10,2.0,5.8289456176102075,0,0,0,0,0,0,1049088,0,1024,0,0,Intel,1.1,Intel Celeron,Intel,1,Intel Graphics
1274,Asus,Rog G752VT-GC073T,Gaming,17.3,16.0,Windows 10,4.0,7.550135342488429,1,1,0,0,0,0,2073600,128,1024,0,0,Intel,2.6,Intel i7,Nvidia,0,Nvidia GeForce
1275,Dell,Vostro 3568,Notebook,15.6,4.0,Windows 10,2.29,6.19644412779452,0,0,0,0,0,0,1049088,0,500,0,0,Intel,2.0,Intel i3,Intel,1,Intel Graphics
1276,Lenovo,B51-80 (i7-6500U/8GB/1008GB/Radeon,Notebook,15.6,8.0,Windows 7,2.32,6.79794041297493,1,0,0,0,0,0,2073600,0,0,0,1024,Intel,2.5,Intel i7,AMD,0,AMD Radeon
1277,MSI,GE62 Apache,Gaming,15.6,8.0,Windows 10,2.4,7.114769448366463,1,0,0,0,0,0,2073600,128,1024,0,0,Intel,2.6,Intel i7,Nvidia,0,Nvidia GeForce
1278,Lenovo,Yoga 500-14IBD,2 in 1 Convertible,14.0,4.0,Windows 10,1.8,6.726245392694536,1,0,0,1,0,0,2073600,128,0,0,0,Intel,2.3,Intel i5,Intel,1,Intel Graphics
1279,Asus,ZenBook UX305CA-UBM1,Ultrabook,13.3,8.0,Windows 10,1.2,6.593044534142437,1,1,0,0,0,0,2073600,512,0,0,0,Intel,0.9,Intel Other,Intel,1,Intel Graphics
1280,Dell,Inspiron 3567,Notebook,15.6,6.0,Windows 10,2.3,6.131226489483141,0,0,0,0,0,0,1049088,0,1024,0,0,Intel,2.4,Intel i3,Intel,1,Intel Graphics
1281,Acer,Aspire ES1-531,Notebook,15.6,4.0,Linux,2.4,5.66988092298052,0,0,0,0,0,0,1049088,0,500,0,0,Intel,1.6,Intel Celeron,Intel,1,Intel Graphics
1282,Dell,Inspiron 3552,Notebook,15.6,2.0,Windows 10,2.2,5.940171252720432,0,0,0,0,0,0,1049088,0,500,0,0,Intel,1.6,Intel Celeron,Intel,1,Intel Graphics
1283,Lenovo,IdeaPad Y700-15ISK,Notebook,15.6,8.0,Windows 10,2.6,6.802394763324311,1,1,0,0,0,0,2073600,0,1024,0,0,Intel,2.6,Intel i7,Nvidia,0,Nvidia GeForce
1284,HP,Pavilion 15-AW003nv,Notebook,15.6,6.0,Windows 10,2.04,6.311716660167896,1,0,0,0,0,0,2073600,0,0,0,1024,AMD,2.9,AMD A-Series,AMD,0,AMD Radeon
1285,Dell,Inspiron 3567,Notebook,15.6,8.0,Linux,2.3,6.6933112766194425,0,0,0,0,0,0,1049088,0,1024,0,0,Intel,2.7,Intel i7,AMD,0,AMD Radeon
1286,HP,Stream 11-Y000na,Netbook,11.6,2.0,Windows 10,1.17,5.3471075307174685,0,0,0,0,0,0,1049088,0,0,32,0,Intel,1.6,Intel Celeron,Intel,1,Intel Graphics
1287,Asus,X556UJ-XO044T (i7-6500U/4GB/500GB/GeForce,Notebook,15.6,4.0,Windows 10,2.2,6.581082866839071,0,0,0,0,0,0,1049088,0,500,0,0,Intel,2.5,Intel i7,Nvidia,0,Nvidia GeForce
1288,Lenovo,Yoga 500-14ISK,2 in 1 Convertible,14.0,4.0,Windows 10,1.8,6.459904454377535,1,1,0,1,0,0,2073600,128,0,0,0,Intel,2.5,Intel i7,Intel,1,Intel Graphics
1289,Lenovo,Yoga 900-13ISK,2 in 1 Convertible,13.3,16.0,Windows 10,1.3,7.313220387090301,0,1,0,1,1,0,5760000,512,0,0,0,Intel,2.5,Intel i7,Intel,1,Intel Graphics
1290,Lenovo,IdeaPad 100S-14IBR,Notebook,14.0,2.0,Windows 10,1.5,5.438079308923196,0,0,0,0,0,0,1049088,0,0,64,0,Intel,1.6,Intel Celeron,Intel,1,Intel Graphics
1291,HP,15-AC110nv (i7-6500U/6GB/1TB/Radeon,Notebook,15.6,6.0,Windows 10,2.19,6.639875833826536,0,0,0,0,0,0,1049088,0,1024,0,0,Intel,2.5,Intel i7,AMD,0,AMD Radeon
1292,Asus,X553SA-XX031T (N3050/4GB/500GB/W10),Notebook,15.6,4.0,Windows 10,2.2,5.91350300563827,0,0,0,0,0,0,1049088,0,500,0,0,Intel,1.6,Intel Celeron,Intel,1,Intel Graphics
1293,Asus,ZenBook UX305CA-UBM1,Ultrabook,13.3,8.0,Windows 10,1.2,6.593044534142437,1,1,0,0,0,0,2073600,512,0,0,0,Intel,0.9,Intel Other,Intel,1,Intel Graphics
1294,Dell,Inspiron 3567,Notebook,15.6,6.0,Windows 10,2.3,6.131226489483141,0,0,0,0,0,0,1049088,0,1024,0,0,Intel,2.4,Intel i3,Intel,1,Intel Graphics
1295,Acer,Aspire ES1-531,Notebook,15.6,4.0,Linux,2.4,5.66988092298052,0,0,0,0,0,0,1049088,0,500,0,0,Intel,1.6,Intel Celeron,Intel,1,Intel Graphics
1296,Dell,Inspiron 3552,Notebook,15.6,2.0,Windows 10,2.2,5.940171252720432,0,0,0,0,0,0,1049088,0,500,0,0,Intel,1.6,Intel Celeron,Intel,1,Intel Graphics
1297,Lenovo,IdeaPad Y700-15ISK,Notebook,15.6,8.0,Windows 10,2.6,6.802394763324311,1,1,0,0,0,0,2073600,0,1024,0,0,Intel,2.6,Intel i7,Nvidia,0,Nvidia GeForce
1298,HP,Pavilion 15-AW003nv,Notebook,15.6,6.0,Windows 10,2.04,6.311716660167896,1,0,0,0,0,0,2073600,0,0,0,1024,AMD,2.9,AMD A-Series,AMD,0,AMD Radeon
1299,Dell,Inspiron 3567,Notebook,15.6,8.0,Linux,2.3,6.6933112766194425,0,0,0,0,0,0,1049088,0,1024,0,0,Intel,2.7,Intel i7,AMD,0,AMD Radeon
1300,HP,Stream 11-Y000na,Netbook,11.6,2.0,Windows 10,1.17,5.3471075307174685,0,0,0,0,0,0,1049088,0,0,32,0,Intel,1.6,Intel Celeron,Intel,1,Intel Graphics
1301,Asus,X556UJ-XO044T (i7-6500U/4GB/500GB/GeForce,Notebook,15.6,4.0,Windows 10,2.2,6.581082866839071,0,0,0,0,0,0,1049088,0,500,0,0,Intel,2.5,Intel i7,Nvidia,0,Nvidia GeForce
1302,Lenovo,Yoga 500-14ISK,2 in 1 Convertible,14.0,4.0,Windows 10,1.8,6.459904454377535,1,1,0,1,0,0,2073600,128,0,0,0,Intel,2.5,Intel i7,Intel,1,Intel Graphics
1303,Lenovo,Yoga 900-13ISK,2 in 1 Convertible,13.3,16.0,Windows 10,1.3,7.313220387090301,0,1,0,1,1,0,5760000,512,0,0,0,Intel,2.5,Intel i7,Intel,1,Intel Graphics
1304,Lenovo,IdeaPad 100S-14IBR,Notebook,14.0,2.0,Windows 10,1.5,5.438079308923196,0,0,0,0,0,0,1049088,0,0,64,0,Intel,1.6,Intel Celeron,Intel,1,Intel Graphics
1305,HP,15-AC110nv (i7-6500U/6GB/1TB/Radeon,Notebook,15.6,6.0,Windows 10,2.19,6.639875833826536,0,0,0,0,0,0,1049088,0,1024,0,0,Intel,2.5,Intel i7,AMD,0,AMD Radeon
1306,Asus,X553SA-XX031T (N3050/4GB/500GB/W10),Notebook,15.6,4.0,Windows 10,2.2,5.91350300563827,0,0,0,0,0,0,1049088,0,500,0,0,Intel,1.6,Intel Celeron,Intel,1,Intel Graphics
1307,Asus,ZenBook UX305CA-UBM1,Ultrabook,13.3,8.0,Windows 10,1.2,6.593044534142437,1,1,0,0,0,0,2073600,512,0,0,0,Intel,0.9,Intel Other,Intel,1,Intel Graphics
1308,Dell,Inspiron 3567,Notebook,15.6,6.0,Windows 10,2.3,6.131226489483141,0,0,0,0,0,0,1049088,0,1024,0,0,Intel,2.4,Intel i3,Intel,1,Intel Graphics
1309,Acer,Aspire ES1-531,Notebook,15.6,4.0,Linux,2.4,5.66988092298052,0,0,0,0,0,0,1049088,0,500,0,0,Intel,1.6,Intel Celeron,Intel,1,Intel Graphics
1310,Dell,Inspiron 3552,Notebook,15.6,2.0,Windows 10,2.2,5.940171252720432,0,0,0,0,0,0,1049088,0,500,0,0,Intel,1.6,Intel Celeron,Intel,1,Intel Graphics
1311,Lenovo,IdeaPad Y700-15ISK,Notebook,15.6,8.0,Windows 10,2.6,6.802394763324311,1,1,0,0,0,0,2073600,0,1024,0,0,Intel,2.6,Intel i7,Nvidia,0,Nvidia GeForce
1312,HP,Pavilion 15-AW003nv,Notebook,15.6,6.0,Windows 10,2.04,6.311716660167896,1,0,0,0,0,0,2073600,0,0,0,1024,AMD,2.9,AMD A-Series,AMD,0,AMD Radeon
1313,Dell,Inspiron 3567,Notebook,15.6,8.0,Linux,2.3,6.6933112766194425,0,0,0,0,0,0,1049088,0,1024,0,0,Intel,2.7,Intel i7,AMD,0,AMD Radeon
1314,HP,Stream 11-Y000na,Netbook,11.6,2.0,Windows 10,1.17,5.3471075307174685,0,0,0,0,0,0,1049088,0,0,32,0,Intel,1.6,Intel Celeron,Intel,1,Intel Graphics
1315,Asus,X556UJ-XO044T (i7-6500U/4GB/500GB/GeForce,Notebook,15.6,4.0,Windows 10,2.2,6.581082866839071,0,0,0,0,0,0,1049088,0,500,0,0,Intel,2.5,Intel i7,Nvidia,0,Nvidia GeForce
1316,Lenovo,Yoga 500-14ISK,2 in 1 Convertible,14.0,4.0,Windows 10,1.8,6.459904454377535,1,1,0,1,0,0,2073600,128,0,0,0,Intel,2.5,Intel i7,Intel,1,Intel Graphics
1317,Lenovo,Yoga 900-13ISK,2 in 1 Convertible,13.3,16.0,Windows 10,1.3,7.313220387090301,0,1,0,1,1,0,5760000,512,0,0,0,Intel,2.5,Intel i7,Intel,1,Intel Graphics
1318,Lenovo,IdeaPad 100S-14IBR,Notebook,14.0,2.0,Windows 10,1.5,5.438079308923196,0,0,0,0,0,0,1049088,0,0,64,0,Intel,1.6,Intel Celeron,Intel,1,Intel Graphics
1319,HP,15-AC110nv (i7-6500U/6GB/1TB/Radeon,Notebook,15.6,6.0,Windows 10,2.19,6.639875833826536,0,0,0,0,0,0,1049088,0,1024,0,0,Intel,2.5,Intel i7,AMD,0,AMD Radeon
1320,Asus,X553SA-XX031T (N3050/4GB/500GB/W10),Notebook,15.6,4.0,Windows 10,2.2,5.91350300563827,0,0,0,0,0,0,1049088,0,500,0,0,Intel,1.6,Intel Celeron,Intel,1,Intel Graphics
